,ACCLASS,AG_DRIV,ALCOHOL,AUTOMOBILE,CYCLIST,DATE,DISABILITY,DISTRICT,DRIVACT,EMERG_VEH,HOOD_ID,HOUR,INITDIR,INJURY,INVAGE,LIGHT,LOCCOORD,MANOEUVER,MOTORCYCLE,PASSENGER,PEDESTRIAN,RDSFCOND,REDLIGHT,ROAD_CLASS,SPEEDING,TRAFFCTL,TRSN_CITY_VEH,TRUCK,VISIBILITY
537,Non-Fatal Injury,Yes,Yes,Yes,,2006-01-01T00:00:00,,Toronto and East York,Lost control,,60,2,South,None,25 to 29,Dark,Intersection,Going Ahead,0,0,0,Wet,0,4,1,No Control,0,0,0
538,Non-Fatal Injury,,,Yes,,2006-07-20T00:00:00,,Etobicoke York,Improper Lane Change,,10,16,East,None,Unknown,Daylight,Mid-Block,Changing Lanes,0,0,0,Wet,0,4,0,No Control,0,0,5
541,Non-Fatal Injury,,,Yes,,2006-04-18T00:00:00,,Etobicoke York,Lost control,,24,0,East,Major,45 to 49,Dark,Mid-Block,Going Ahead,0,0,0,Dry,0,4,0,No Control,0,0,0
543,Non-Fatal Injury,Yes,,Yes,,2006-08-09T00:00:00,,Toronto and East York,Failed to Yield Right of Way,,100,18,West,None,35 to 39,Daylight,Intersection,Going Ahead,0,0,0,Dry,0,5,0,Passive Control,0,0,0
547,Non-Fatal Injury,Yes,,Yes,,2006-08-09T00:00:00,,Toronto and East York,Driving Properly,,100,18,South,Major,40 to 44,Daylight,Intersection,Going Ahead,0,0,0,Dry,0,5,0,Passive Control,0,0,0
548,Non-Fatal Injury,,,Yes,,2006-08-09T00:00:00,,Toronto and East York,Other,,63,21,East,None,50 to 54,Dark,Intersection,Reversing,0,0,0,Dry,0,5,0,No Control,0,0,0
550,Non-Fatal Injury,Yes,,Yes,Yes,2006-08-10T00:00:00,,North York,Improper Passing,,48,18,North,None,45 to 49,Daylight,Intersection,Going Ahead,0,0,0,Dry,0,4,0,Passive Control,0,0,0
552,Non-Fatal Injury,,,Yes,Yes,2006-08-10T00:00:00,,Scarborough,Improper Turn,,139,18,East,None,35 to 39,Daylight,Mid-Block,Turning Right,0,0,0,Dry,0,4,0,No Control,0,0,0
557,Non-Fatal Injury,,,Yes,,2006-08-11T00:00:00,,Toronto and East York,Lost control,,109,22,West,Major,30 to 34,Dark,Mid-Block,Going Ahead,0,0,0,Dry,0,5,0,No Control,0,0,0
559,Non-Fatal Injury,,,Yes,,2006-08-12T00:00:00,,Toronto and East York,Driving Properly,,75,2,East,None,20 to 24,Dark,Intersection,Going Ahead,0,0,0,Dry,0,5,0,Passive Control,0,0,0
560,Non-Fatal Injury,Yes,,Yes,,2006-08-15T00:00:00,,Etobicoke York,Improper Passing,,14,8,West,None,40 to 44,Daylight,Mid-Block,Going Ahead,0,0,0,Dry,0,4,0,No Control,0,1,0
563,Non-Fatal Injury,,,,Yes,2006-08-12T00:00:00,,Toronto and East York,Improper Turn,,70,9,West,None,45 to 49,Daylight,Intersection,Turning Right,0,0,0,Dry,0,0,0,Passive Control,0,1,0
565,Non-Fatal Injury,,,Yes,Yes,2006-08-12T00:00:00,,Toronto and East York,Other,,95,18,West,None,45 to 49,Daylight,Mid-Block,Parked,0,0,0,Dry,0,4,0,No Control,0,0,0
568,Non-Fatal Injury,Yes,,Yes,,2006-08-15T00:00:00,,Etobicoke York,Driving Properly,,14,8,East,None,20 to 24,Daylight,Mid-Block,Going Ahead,0,0,0,Dry,0,4,0,No Control,0,1,0
569,Non-Fatal Injury,Yes,,Yes,,2006-08-15T00:00:00,,Etobicoke York,Driving Properly,,14,8,East,Major,35 to 39,Daylight,Mid-Block,Going Ahead,0,0,0,Dry,0,4,0,No Control,0,1,0
570,Non-Fatal Injury,Yes,,Yes,,2006-08-15T00:00:00,,Etobicoke York,Driving Properly,,14,8,West,Major,60 to 64,Daylight,Mid-Block,Stopped,0,0,0,Dry,0,4,0,No Control,0,1,0
572,Non-Fatal Injury,,,Yes,,2006-08-15T00:00:00,,Scarborough,Improper Turn,,131,14,North,Major,20 to 24,Daylight,Intersection,Turning Left,0,0,0,Dry,0,4,0,Passive Control,0,0,0
573,Non-Fatal Injury,,,Yes,,2006-08-15T00:00:00,,Scarborough,Driving Properly,,131,14,South,Minimal,45 to 49,Daylight,Intersection,Going Ahead,0,0,0,Dry,0,4,0,Passive Control,0,0,0
574,Non-Fatal Injury,,,Yes,,2006-08-15T00:00:00,,Scarborough,Driving Properly,,129,15,South,Major,25 to 29,Daylight,Intersection,Going Ahead,0,0,0,Dry,0,4,0,Passive Control,0,0,0
575,Non-Fatal Injury,,,Yes,,2006-08-15T00:00:00,,Scarborough,Driving Properly,,129,15,East,None,40 to 44,Daylight,Intersection,Stopped,0,0,0,Dry,0,4,0,Passive Control,0,0,0
576,Non-Fatal Injury,,,Yes,,2006-08-15T00:00:00,,Scarborough,Improper Turn,,129,15,North,None,65 to 69,Daylight,Intersection,Turning Left,0,0,0,Dry,0,4,0,Passive Control,0,0,0
578,Non-Fatal Injury,,,,Yes,2006-08-15T00:00:00,,Toronto and East York,Driving Properly,,73,15,West,None,40 to 44,Daylight,Intersection,Going Ahead,0,0,0,Dry,0,4,0,Passive Control,0,1,0
581,Non-Fatal Injury,,,Yes,,2006-08-15T00:00:00,,Scarborough,Driving Properly,,136,18,West,None,25 to 29,Daylight,Mid-Block,Going Ahead,0,0,0,Dry,0,3,0,No Control,0,0,0
583,Non-Fatal Injury,,,Yes,,2006-08-17T00:00:00,,Scarborough,Driving Properly,,131,17,East,Major,50 to 54,Daylight,Mid-Block,Going Ahead,0,0,0,Dry,0,4,0,No Control,0,0,0
584,Non-Fatal Injury,,,Yes,,2006-08-17T00:00:00,,Scarborough,Other,,131,17,East,None,Unknown,Daylight,Mid-Block,Going Ahead,0,0,0,Dry,0,4,0,No Control,0,0,0
586,Non-Fatal Injury,,,Yes,,2006-08-17T00:00:00,,Toronto and East York,Driving Properly,,73,18,South,None,40 to 44,Dark,Mid-Block,Turning Right,0,0,0,Dry,0,4,0,No Control,0,0,0
587,Fatal,,,Yes,,2006-08-18T00:00:00,,Scarborough,Driving Properly,,135,16,South,None,25 to 29,Daylight,Intersection,Going Ahead,0,0,0,Dry,0,5,0,Passive Control,0,0,0
590,Non-Fatal Injury,,,,,2006-08-17T00:00:00,,Toronto and East York,Wrong Way on One Way Road,,77,21,East,None,40 to 44,Dark,Mid-Block,Going Ahead,0,0,0,Dry,0,4,0,No Control,0,0,0
592,Non-Fatal Injury,Yes,Yes,Yes,,2006-08-17T00:00:00,,Scarborough,Failed to Yield Right of Way,,136,22,South,None,40 to 44,Dark,Intersection,Going Ahead,0,0,0,Dry,0,0,0,No Control,0,0,0
594,Fatal,,,Yes,,2006-08-18T00:00:00,,Scarborough,Driving Properly,,135,16,South,None,35 to 39,Daylight,Intersection,Going Ahead,0,0,0,Dry,0,5,0,Passive Control,0,0,0
599,Fatal,,,Yes,,2006-08-18T00:00:00,,Scarborough,Driving Properly,,135,16,South,None,25 to 29,Daylight,Intersection,Going Ahead,0,0,0,Dry,0,5,0,Passive Control,0,0,0
602,Fatal,,,Yes,,2006-08-18T00:00:00,,Scarborough,Other,,135,16,North,Minor,35 to 39,Daylight,Intersection,Going Ahead,0,0,0,Dry,0,5,0,Passive Control,0,0,0
603,Non-Fatal Injury,Yes,,Yes,,2006-08-18T00:00:00,,Toronto and East York,Driving Properly,,95,16,East,Major,35 to 39,Daylight,Intersection,Going Ahead,0,0,0,Dry,0,4,0,No Control,0,0,0
604,Non-Fatal Injury,Yes,,Yes,,2006-08-18T00:00:00,,Toronto and East York,Failed to Yield Right of Way,,95,16,West,None,70 to 74,Daylight,Intersection,Turning Left,0,0,0,Dry,0,4,0,No Control,0,0,0
606,Fatal,,,Yes,,2006-08-18T00:00:00,,Scarborough,Driving Properly,,137,21,South,Minor,70 to 74,Dark,Intersection,Going Ahead,0,0,0,Dry,0,5,0,Passive Control,0,0,0
609,Fatal,,,Yes,,2006-08-18T00:00:00,,Scarborough,Improper Turn,,137,21,North,Minor,20 to 24,Dark,Intersection,Turning Left,0,0,0,Dry,0,5,0,Passive Control,0,0,0
610,Non-Fatal Injury,,,Yes,Yes,2006-08-18T00:00:00,,Toronto and East York,Driving Properly,,95,21,East,None,45 to 49,Dark,Mid-Block,Changing Lanes,0,0,0,Dry,0,4,0,No Control,0,0,0
612,Fatal,,,Yes,,2006-08-19T00:00:00,,Scarborough,Driving Properly,,119,13,West,None,55 to 59,Daylight,Intersection,Going Ahead,0,0,0,Dry,0,4,0,No Control,0,0,0
614,Fatal,Yes,,Yes,,2006-08-19T00:00:00,,Toronto and East York,Failed to Yield Right of Way,,70,23,North,None,75 to 79,Dark,Intersection,Turning Right,0,0,0,Dry,0,5,0,Passive Control,0,0,0
619,Non-Fatal Injury,Yes,,Yes,,2006-08-20T00:00:00,,North York,Exceeding Speed Limit,,34,2,North,Major,25 to 29,Dark,Intersection,Going Ahead,0,0,0,Dry,0,4,1,No Control,0,0,0
622,Non-Fatal Injury,,,Yes,,2006-08-20T00:00:00,,Toronto and East York,Driving Properly,,85,15,West,Major,55 to 59,Daylight,Intersection,Going Ahead,0,0,0,Dry,0,4,0,Passive Control,0,0,0
623,Non-Fatal Injury,,,Yes,,2006-08-20T00:00:00,,Toronto and East York,Improper Turn,,85,15,East,None,35 to 39,Daylight,Intersection,Making U Turn,0,0,0,Dry,0,4,0,Passive Control,0,0,0
625,Non-Fatal Injury,,,Yes,Yes,2006-08-20T00:00:00,,Toronto and East York,Other,,81,15,West,None,40 to 44,Daylight,Mid-Block,Parked,0,0,0,Dry,0,4,0,No Control,0,0,0
627,Non-Fatal Injury,,,Yes,,2006-08-21T00:00:00,,Scarborough,Driving Properly,,117,8,South,None,25 to 29,Daylight,Intersection,Going Ahead,0,0,0,Dry,0,4,0,Passive Control,0,0,0
629,Non-Fatal Injury,,,Yes,,2006-08-21T00:00:00,,North York,Driving Properly,,44,10,East,None,55 to 59,Daylight,Mid-Block,Going Ahead,0,0,0,Other,0,4,0,No Control,0,0,0
632,Non-Fatal Injury,Yes,,Yes,,2006-08-21T00:00:00,,Scarborough,Failed to Yield Right of Way,,128,11,West,None,75 to 79,Daylight,Intersection,Turning Right,0,0,0,Dry,0,4,0,Passive Control,0,0,0
635,Non-Fatal Injury,Yes,,Yes,,2006-08-21T00:00:00,,North York,Disobeyed Traffic Control,,32,13,North,Major,15 to 19,Daylight,Intersection,Going Ahead,0,0,0,Dry,0,3,0,Passive Control,0,0,0
637,Non-Fatal Injury,,,Yes,,2006-07-20T00:00:00,,Scarborough,Driving Properly,,128,16,West,None,30 to 34,Daylight,Mid-Block,Going Ahead,0,0,0,Dry,0,5,0,No Control,0,0,0
638,Non-Fatal Injury,,,Yes,,2006-04-18T00:00:00,,Etobicoke York,Driving Properly,,24,0,West,Minimal,20 to 24,Dark,Mid-Block,Going Ahead,0,0,0,Dry,0,4,0,No Control,0,0,0
639,Non-Fatal Injury,,,Yes,,2006-01-01T00:00:00,,Toronto and East York,Lost control,,64,3,East,None,20 to 24,"Dark, artificial",Intersection,Changing Lanes,0,0,0,Slush,0,4,0,No Control,0,0,6
642,Non-Fatal Injury,,,Yes,,2006-01-02T00:00:00,,Toronto and East York,Improper Lane Change,,78,7,South,None,30 to 34,"Dark, artificial",Mid-Block,Changing Lanes,0,0,0,Wet,0,4,0,No Control,0,0,4
645,Non-Fatal Injury,,,Yes,,2006-01-04T00:00:00,,Toronto and East York,Driving Properly,,83,19,South,None,25 to 29,Dark,Mid-Block,Going Ahead,0,0,0,Wet,0,4,0,Passive Control,0,0,5
647,Non-Fatal Injury,,,Yes,,2006-01-06T00:00:00,,North York,Driving Properly,,47,22,South,None,50 to 54,"Dark, artificial",Intersection,Going Ahead,0,0,0,Dry,0,4,0,Passive Control,0,0,0
649,Fatal,,,Yes,,2006-01-07T00:00:00,,Scarborough,Lost control,,131,23,West,Fatal,50 to 54,Dark,Mid-Block,Going Ahead,0,0,0,Wet,0,5,0,No Control,0,0,0
651,Fatal,,,Yes,,2006-01-07T00:00:00,,Scarborough,Driving Properly,,131,23,East,Major,35 to 39,Dark,Mid-Block,Going Ahead,0,0,0,Wet,0,5,0,No Control,0,0,0
652,Non-Fatal Injury,Yes,,Yes,,2006-01-08T00:00:00,,Toronto and East York,Disobeyed Traffic Control,,77,15,North,Minimal,40 to 44,Daylight,Intersection,Going Ahead,0,0,0,Dry,0,5,0,Passive Control,0,0,0
653,Non-Fatal Injury,Yes,,Yes,,2006-01-08T00:00:00,,Toronto and East York,Driving Properly,,77,15,East,Major,45 to 49,Daylight,Intersection,Going Ahead,0,0,0,Dry,0,5,0,Passive Control,0,0,0
659,Fatal,Yes,,Yes,,2006-01-08T00:00:00,,Etobicoke York,Failed to Yield Right of Way,,5,18,North,None,20 to 24,Dark,Intersection,Going Ahead,0,0,0,Dry,0,4,0,Passive Control,0,0,0
662,Fatal,,,Yes,,2006-01-09T00:00:00,,Scarborough,Driving Properly,,126,14,South,None,50 to 54,Daylight,Intersection,Going Ahead,0,0,0,Dry,0,4,0,Passive Control,0,0,0
665,Non-Fatal Injury,,,,,2006-01-09T00:00:00,,Scarborough,Driving Properly,,129,18,East,None,55 to 59,"Dark, artificial",Intersection,Turning Right,0,0,0,Dry,0,4,0,Passive Control,1,0,0
667,Non-Fatal Injury,,,Yes,,2006-01-10T00:00:00,Yes,Scarborough,Other,,127,8,North,Minor,80 to 84,Daylight,Intersection,Going Ahead,0,0,0,Dry,0,4,0,No Control,0,0,0
668,Non-Fatal Injury,,,Yes,,2006-01-10T00:00:00,Yes,Scarborough,Driving Properly,,127,8,South,Major,55 to 59,Daylight,Intersection,Going Ahead,0,0,0,Dry,0,4,0,No Control,0,0,0
673,Fatal,Yes,,Yes,,2006-01-11T00:00:00,,North York,Lost control,,43,11,East,Major,15 to 19,Daylight,Intersection,Going Ahead,0,0,0,Wet,0,0,1,No Control,0,0,0
676,Non-Fatal Injury,Yes,,Yes,,2006-01-14T00:00:00,,Etobicoke York,Speed too Fast For Condition,,22,9,South,None,40 to 44,Daylight,Mid-Block,Slowing or Stopping,0,0,0,Ice,0,4,1,Passive Control,0,0,7
678,Non-Fatal Injury,,,Yes,,2006-01-14T00:00:00,,North York,Driving Properly,,100,20,East,None,20 to 24,Dark,Intersection,Going Ahead,0,0,0,Dry,0,4,0,No Control,0,0,0
680,Non-Fatal Injury,,,Yes,,2006-01-15T00:00:00,,Toronto and East York,Driving Properly,,89,18,East,None,25 to 29,Dark,Mid-Block,Going Ahead,0,0,0,Dry,0,4,0,No Control,0,0,0
682,Non-Fatal Injury,,,Yes,,2006-01-17T00:00:00,,North York,Driving Properly,,38,19,East,None,40 to 44,Dark,Intersection,Going Ahead,0,0,0,Wet,0,4,0,Passive Control,0,0,5
684,Non-Fatal Injury,Yes,,Yes,,2006-01-17T00:00:00,,Scarborough,Failed to Yield Right of Way,,136,22,South,None,55 to 59,Dark,Intersection,Turning Left,0,0,0,Wet,0,5,0,Passive Control,0,0,5
687,Non-Fatal Injury,,,Yes,,2006-01-17T00:00:00,,Toronto and East York,Other,,60,23,North,None,35 to 39,Dark,Mid-Block,Other,0,0,0,Wet,0,3,0,No Control,0,0,5
689,Fatal,Yes,,Yes,,2006-01-21T00:00:00,,Scarborough,Exceeding Speed Limit,,128,18,South,None,25 to 29,Dusk,Intersection,Going Ahead,0,0,0,Dry,0,4,1,No Control,0,0,0
694,Non-Fatal Injury,Yes,,Yes,,2006-01-22T00:00:00,,Scarborough,Other,,136,2,East,None,30 to 34,Dark,Mid-Block,Going Ahead,0,0,0,Dry,0,0,0,No Control,0,0,0
697,Non-Fatal Injury,,,Yes,,2006-01-22T00:00:00,,Toronto and East York,Driving Properly,,98,18,South,None,50 to 54,Dark,Intersection,Going Ahead,0,0,0,Dry,0,4,0,No Control,0,0,0
700,Fatal,Yes,,Yes,,2006-01-24T00:00:00,,Scarborough,Driving Properly,,119,1,West,None,40 to 44,Dawn,Intersection,Going Ahead,0,0,0,Dry,0,4,1,Passive Control,0,0,0
701,Fatal,Yes,,Yes,,2006-01-24T00:00:00,,Scarborough,Exceeding Speed Limit,,119,1,South,Fatal,35 to 39,Dawn,Intersection,Going Ahead,0,0,0,Dry,0,4,1,Passive Control,0,0,0
702,Fatal,Yes,,Yes,,2006-01-24T00:00:00,,Scarborough,Failed to Yield Right of Way,,131,7,South,None,40 to 44,Daylight,Intersection,Turning Left,0,0,0,Wet,0,0,0,Passive Control,0,0,0
705,Fatal,Yes,,Yes,,2006-01-24T00:00:00,,Toronto and East York,Exceeding Speed Limit,,98,22,North,None,15 to 19,Dark,Intersection,Going Ahead,0,0,0,Wet,0,4,1,No Control,0,0,5
707,Fatal,Yes,,Yes,,2006-01-24T00:00:00,,Toronto and East York,Driving Properly,,98,22,South,Fatal,45 to 49,Dark,Intersection,Turning Left,0,0,0,Wet,0,4,1,No Control,0,0,5
708,Fatal,,,Yes,,2006-07-23T00:00:00,,North York,Driving Properly,,119,13,North,None,35 to 39,Daylight,Intersection,Going Ahead,0,0,0,Wet,0,4,0,No Control,0,0,5
709,Fatal,Yes,,Yes,,2006-01-24T00:00:00,,Toronto and East York,Exceeding Speed Limit,,98,22,North,Minimal,15 to 19,Dark,Intersection,Going Ahead,0,0,0,Wet,0,4,1,No Control,0,0,5
712,Non-Fatal Injury,Yes,,Yes,,2006-01-27T00:00:00,,Toronto and East York,Driving Properly,,80,20,East,None,20 to 24,Dark,Intersection,Changing Lanes,0,0,0,Dry,0,4,1,No Control,0,0,0
713,Non-Fatal Injury,Yes,,Yes,,2006-01-27T00:00:00,,Toronto and East York,Driving Properly,,80,20,West,None,20 to 24,Dark,Intersection,Changing Lanes,0,0,0,Dry,0,4,1,No Control,0,0,0
714,Non-Fatal Injury,Yes,,Yes,,2006-01-27T00:00:00,,Toronto and East York,Exceeding Speed Limit,,80,20,East,None,Unknown,Dark,Intersection,Going Ahead,0,0,0,Dry,0,4,1,No Control,0,0,0
718,Non-Fatal Injury,Yes,,Yes,,2006-01-27T00:00:00,,North York,Lost control,,38,23,West,Minor,20 to 24,Dark,Mid-Block,Going Ahead,0,0,0,Dry,0,0,1,Passive Control,0,0,0
720,Fatal,,,Yes,,2006-01-29T00:00:00,,Etobicoke York,Driving Properly,,17,20,West,None,20 to 24,Dark,Mid-Block,Going Ahead,0,0,0,Wet,0,4,0,No Control,0,0,5
722,Non-Fatal Injury,,,Yes,,2006-07-20T00:00:00,,Toronto and East York,Driving Properly,,114,17,West,Major,30 to 34,Daylight,Intersection,Going Ahead,0,0,0,Wet,0,0,0,Passive Control,0,0,5
723,Non-Fatal Injury,Yes,,Yes,,2006-01-29T00:00:00,,Toronto and East York,Failed to Yield Right of Way,,96,21,South,None,40 to 44,Dark,Intersection,Turning Left,0,0,0,Wet,0,4,0,Passive Control,0,0,5
726,Non-Fatal Injury,,,Yes,,2006-02-02T00:00:00,,Toronto and East York,Improper Turn,,78,14,South,Major,50 to 54,Daylight,Intersection,Turning Left,0,0,0,Dry,0,4,0,Passive Control,1,0,0
728,Non-Fatal Injury,,,Yes,,2006-02-02T00:00:00,,Toronto and East York,Driving Properly,,78,14,South,None,40 to 44,Daylight,Intersection,Going Ahead,0,0,0,Dry,0,4,0,Passive Control,1,0,0
729,Non-Fatal Injury,Yes,,Yes,,2006-02-03T00:00:00,,Scarborough,Failed to Yield Right of Way,,117,7,East,None,70 to 74,Daylight,Intersection,Turning Left,0,0,0,Wet,0,4,0,Passive Control,0,0,5
733,Non-Fatal Injury,Yes,,Yes,,2006-08-22T00:00:00,Yes,Scarborough,Lost control,,123,11,North,Major,35 to 39,Daylight,Mid-Block,Going Ahead,0,0,0,Dry,0,3,1,No Control,0,0,0
736,Non-Fatal Injury,,,Yes,,2006-07-20T00:00:00,,Toronto and East York,Driving Properly,,114,17,South,None,30 to 34,Daylight,Intersection,Turning Left,0,0,0,Wet,0,0,0,Passive Control,0,0,5
737,Non-Fatal Injury,Yes,,Yes,,2006-07-22T00:00:00,,Toronto and East York,Disobeyed Traffic Control,,73,6,West,Major,50 to 54,Daylight,Intersection,Going Ahead,0,0,0,Dry,0,4,0,Passive Control,1,0,0
739,Non-Fatal Injury,Yes,,Yes,,2006-07-22T00:00:00,,Toronto and East York,Driving Properly,,73,6,North,None,40 to 44,Daylight,Intersection,Going Ahead,0,0,0,Dry,0,4,0,Passive Control,1,0,0
740,Non-Fatal Injury,,Yes,Yes,,2006-07-23T00:00:00,,Etobicoke York,Other,,1,5,South,Major,45 to 49,Dark,Mid-Block,Going Ahead,0,0,0,Dry,0,4,0,No Control,0,0,0
746,Non-Fatal Injury,,,Yes,,2006-07-24T00:00:00,,North York,Driving Properly,,27,14,South,None,35 to 39,Daylight,Intersection,Stopped,0,0,0,Dry,0,4,0,Passive Control,0,0,0
748,Non-Fatal Injury,,,Yes,,2006-07-24T00:00:00,,North York,Improper Lane Change,,27,14,North,None,15 to 19,Daylight,Intersection,Turning Right,0,0,0,Dry,0,4,0,Passive Control,0,0,0
750,Non-Fatal Injury,,,Yes,,2006-07-24T00:00:00,,North York,Driving Properly,,27,14,North,Major,60 to 64,Daylight,Intersection,Going Ahead,0,0,0,Dry,0,4,0,Passive Control,0,0,0
751,Non-Fatal Injury,,Yes,Yes,,2006-07-24T00:00:00,,Toronto and East York,Other,,58,23,North,None,30 to 34,Dark,Mid-Block,Other,0,0,0,Dry,0,4,0,No Control,0,0,0
754,Non-Fatal Injury,,Yes,Yes,,2006-07-24T00:00:00,,Toronto and East York,Driving Properly,,58,23,South,Minor,25 to 29,Dark,Mid-Block,Going Ahead,0,0,0,Dry,0,4,0,No Control,0,0,0
755,Non-Fatal Injury,Yes,,Yes,,2006-07-26T00:00:00,,Scarborough,Driving Properly,,128,5,East,None,60 to 64,Daylight,Intersection,Going Ahead,0,0,0,Other,0,5,0,Passive Control,0,1,0
756,Non-Fatal Injury,Yes,,Yes,,2006-07-26T00:00:00,,Scarborough,Other,,128,5,West,Major,30 to 34,Daylight,Intersection,Going Ahead,0,0,0,Other,0,5,0,Passive Control,0,1,0
757,Non-Fatal Injury,,,Yes,,2006-07-26T00:00:00,,Etobicoke York,Other,,5,21,West,Major,20 to 24,Dark,Intersection,Going Ahead,0,0,0,Wet,0,4,0,Passive Control,0,0,5
759,Non-Fatal Injury,,,Yes,,2006-07-26T00:00:00,,Etobicoke York,Other,,5,21,North,Minor,65 to 69,Dark,Intersection,Going Ahead,0,0,0,Wet,0,4,0,Passive Control,0,0,5
761,Non-Fatal Injury,Yes,,Yes,Yes,2006-07-28T00:00:00,,Etobicoke York,Failed to Yield Right of Way,,18,16,North,None,55 to 59,Daylight,Mid-Block,Turning Left,0,0,0,Dry,0,0,0,No Control,0,0,0
765,Fatal,,,Yes,,2006-07-28T00:00:00,,Etobicoke York,Lost control,,6,16,North,None,35 to 39,Daylight,Mid-Block,Going Ahead,0,0,0,Dry,0,4,0,No Control,0,0,0
767,Non-Fatal Injury,Yes,,Yes,,2006-07-30T00:00:00,,Etobicoke York,Failed to Yield Right of Way,,30,7,East,None,20 to 24,Daylight,Intersection,Turning Right,0,0,0,Dry,0,4,0,Passive Control,0,0,0
771,Non-Fatal Injury,,,Yes,,2006-07-30T00:00:00,,North York,Driving Properly,,48,14,North,Minimal,45 to 49,Daylight,Intersection,Going Ahead,0,0,0,Dry,0,4,0,Passive Control,0,0,0
773,Non-Fatal Injury,,,Yes,,2006-07-30T00:00:00,,North York,Improper Turn,,48,14,South,None,35 to 39,Daylight,Intersection,Turning Left,0,0,0,Dry,0,4,0,Passive Control,0,0,0
775,Fatal,,,,,2006-07-30T00:00:00,,Toronto and East York,Lost control,,85,21,West,Fatal,20 to 24,Dark,Exit Ramp Westbound,Going Ahead,0,0,0,Dry,0,4,0,No Control,0,0,0
778,Non-Fatal Injury,,,Yes,,2006-07-31T00:00:00,,North York,Driving Properly,,47,6,West,None,30 to 34,Daylight,Intersection,Going Ahead,0,0,0,Dry,0,4,0,Passive Control,0,0,0
780,Non-Fatal Injury,Yes,,Yes,,2006-07-31T00:00:00,,Toronto and East York,Improper Passing,,87,14,West,None,40 to 44,Daylight,Intersection,Going Ahead,0,0,0,Dry,0,4,0,No Control,0,0,0
783,Non-Fatal Injury,Yes,,Yes,Yes,2006-08-01T00:00:00,,Etobicoke York,Disobeyed Traffic Control,,4,18,West,None,70 to 74,Daylight,Mid-Block,Going Ahead,0,0,0,Dry,0,3,0,No Control,0,0,0
785,Fatal,,,Yes,,2006-08-01T00:00:00,,Scarborough,Driving Properly,,132,23,North,Minor,50 to 54,Dark,Intersection,Going Ahead,0,0,0,Dry,0,5,0,Passive Control,0,0,0
788,Non-Fatal Injury,,Yes,Yes,,2006-08-03T00:00:00,,Toronto and East York,Driving Properly,,85,1,East,None,45 to 49,Dark,Mid-Block,Stopped,0,0,0,Wet,0,4,0,No Control,0,0,5
790,Non-Fatal Injury,,Yes,Yes,,2006-08-03T00:00:00,,Toronto and East York,Lost control,,85,1,East,Minor,20 to 24,Dark,Mid-Block,Going Ahead,0,0,0,Wet,0,4,0,No Control,0,0,5
795,Fatal,,,Yes,,2006-08-03T00:00:00,,Etobicoke York,Driving Properly,,111,1,South,None,40 to 44,Dark,Mid-Block,Going Ahead,0,0,0,Wet,0,4,0,No Control,0,0,5
797,Non-Fatal Injury,Yes,,Yes,,2006-08-03T00:00:00,,Scarborough,Driving Properly,,127,3,North,Minimal,45 to 49,Dark,Intersection,Going Ahead,0,0,0,Dry,0,4,0,Passive Control,0,0,0
800,Non-Fatal Injury,Yes,,Yes,,2006-08-03T00:00:00,,Scarborough,Disobeyed Traffic Control,,127,3,East,Major,35 to 39,Dark,Intersection,Going Ahead,0,0,0,Dry,0,4,0,Passive Control,0,0,0
801,Non-Fatal Injury,Yes,,Yes,,2006-08-03T00:00:00,,North York,Driving Properly,,51,18,West,None,55 to 59,Daylight,Intersection,Going Ahead,0,0,0,Dry,0,4,0,Passive Control,0,0,0
802,Non-Fatal Injury,Yes,,Yes,,2006-08-03T00:00:00,,North York,Failed to Yield Right of Way,,51,18,East,None,60 to 64,Daylight,Intersection,Turning Left,0,0,0,Dry,0,4,0,Passive Control,0,0,0
803,Non-Fatal Injury,Yes,,Yes,,2006-08-03T00:00:00,,North York,Driving Properly,,51,18,South,None,40 to 44,Daylight,Intersection,Stopped,0,0,0,Dry,0,4,0,Passive Control,0,0,0
805,Non-Fatal Injury,,,Yes,,2006-08-05T00:00:00,,Etobicoke York,Other,,20,0,South,None,20 to 24,Dark,Intersection,Going Ahead,0,0,0,Dry,0,3,0,No Control,0,0,0
813,Non-Fatal Injury,Yes,,Yes,,2006-08-05T00:00:00,,Toronto and East York,Other,,77,3,East,Minimal,35 to 39,Dark,Mid-Block,Changing Lanes,0,0,0,Dry,0,4,0,No Control,0,0,0
816,Non-Fatal Injury,,,Yes,,2006-08-06T00:00:00,,Toronto and East York,Other,,98,2,North,None,20 to 24,Dark,Mid-Block,Going Ahead,0,0,0,Dry,0,4,0,No Control,0,0,0
820,Non-Fatal Injury,Yes,,Yes,,2006-08-06T00:00:00,,Toronto and East York,Driving Properly,,61,21,West,Major,45 to 49,Dark,Mid-Block,Going Ahead,0,0,0,Dry,0,4,1,No Control,0,0,0
821,Non-Fatal Injury,Yes,,Yes,,2006-08-06T00:00:00,,Toronto and East York,Exceeding Speed Limit,,61,21,West,None,Unknown,Dark,Mid-Block,Going Ahead,0,0,0,Dry,0,4,1,No Control,0,0,0