,ACCLASS,AG_DRIV,ALCOHOL,AUTOMOBILE,CYCLIST,DATE,DISABILITY,DISTRICT,DRIVACT,EMERG_VEH,HOOD_ID,HOUR,INITDIR,INJURY,INVAGE,LIGHT,LOCCOORD,MANOEUVER,MOTORCYCLE,PASSENGER,PEDESTRIAN,RDSFCOND,REDLIGHT,ROAD_CLASS,SPEEDING,TRAFFCTL,TRSN_CITY_VEH,TRUCK,VISIBILITY
2125,Non-Fatal Injury,,,Yes,,2007-09-22T00:00:00,,Toronto and East York,Driving Properly,,92,4,North,None,30 to 34,Dark,Intersection,Going Ahead,0,0,0,Dry,0,4,0,Passive Control,0,1,0
2127,Non-Fatal Injury,,,Yes,,2007-09-22T00:00:00,,Toronto and East York,Driving Properly,,92,4,West,Major,30 to 34,Dark,Intersection,Going Ahead,0,0,0,Dry,0,4,0,Passive Control,0,1,0
2132,Non-Fatal Injury,,,Yes,Yes,2007-09-22T00:00:00,,Toronto and East York,Improper Turn,,63,7,North,None,75 to 79,Dark,Intersection,Turning Left,0,0,0,Dry,0,4,0,Passive Control,0,0,0
2134,Non-Fatal Injury,Yes,,Yes,,2007-06-21T00:00:00,,Toronto and East York,Disobeyed Traffic Control,,75,2,North,Minimal,35 to 39,Dark,Intersection,Going Ahead,0,0,0,Dry,0,4,0,Passive Control,0,0,0
2137,Non-Fatal Injury,Yes,,Yes,,2007-11-13T00:00:00,,North York,Driving Properly,,51,6,South,Major,35 to 39,Dark,Mid-Block,Slowing or Stopping,0,0,0,Dry,0,4,0,No Control,0,0,0
2138,Non-Fatal Injury,,,Yes,,2007-12-13T00:00:00,,Toronto and East York,Improper Turn,,120,9,North,None,45 to 49,Daylight,Intersection,Making U Turn,0,0,0,Wet,0,4,0,No Control,0,0,0
2140,Non-Fatal Injury,,,Yes,,2007-12-14T00:00:00,,Toronto and East York,Driving Properly,,86,20,West,None,65 to 69,Dark,Intersection,Going Ahead,0,0,0,Dry,0,4,0,Passive Control,0,0,0
2143,Fatal,,,Yes,,2007-12-15T00:00:00,,Scarborough,Driving Properly,,137,12,West,None,55 to 59,Daylight,Intersection,Going Ahead,0,0,0,Loose Snow,0,4,0,No Control,0,0,6
2146,Non-Fatal Injury,,,Yes,,2007-12-16T00:00:00,,North York,Driving Properly,,45,0,South,None,40 to 44,Dark,Mid-Block,Going Ahead,0,0,0,Loose Snow,0,4,0,No Control,0,0,6
2148,Non-Fatal Injury,,,Yes,,2007-12-16T00:00:00,,North York,Lost control,,45,0,South,Major,20 to 24,Dark,Mid-Block,Going Ahead,0,0,0,Loose Snow,0,4,0,No Control,0,0,6
2149,Non-Fatal Injury,,,Yes,,2007-12-16T00:00:00,,Etobicoke York,Lost control,,2,12,West,Minimal,55 to 59,Daylight,Mid-Block,Pulling Away from Shoulder or Curb,0,0,0,Packed Snow,0,4,0,No Control,0,0,6
2150,Non-Fatal Injury,,,Yes,,2007-12-16T00:00:00,,Etobicoke York,Driving Properly,,2,12,East,Major,25 to 29,Daylight,Mid-Block,Going Ahead,0,0,0,Packed Snow,0,4,0,No Control,0,0,6
2152,Non-Fatal Injury,,,Yes,,2007-12-16T00:00:00,,Etobicoke York,Improper Turn,,6,18,North,None,25 to 29,Dark,Intersection,Turning Left,0,0,0,Packed Snow,0,4,0,Passive Control,0,0,6
2153,Non-Fatal Injury,,,Yes,,2007-12-16T00:00:00,,Etobicoke York,Driving Properly,,6,18,South,Major,30 to 34,Dark,Intersection,Going Ahead,0,0,0,Packed Snow,0,4,0,Passive Control,0,0,6
2156,Non-Fatal Injury,Yes,,Yes,,2007-12-17T00:00:00,,Etobicoke York,Disobeyed Traffic Control,,1,12,North,Major,35 to 39,Daylight,Intersection,Going Ahead,0,0,0,Wet,0,4,0,Passive Control,0,0,0
2157,Non-Fatal Injury,Yes,,Yes,,2007-12-17T00:00:00,,Etobicoke York,Driving Properly,,1,12,West,Minimal,45 to 49,Daylight,Intersection,Going Ahead,0,0,0,Wet,0,4,0,Passive Control,0,0,0
2158,Non-Fatal Injury,,,Yes,,2007-12-20T00:00:00,,Toronto and East York,Driving Properly,,77,4,South,None,40 to 44,Dark,Mid-Block,Going Ahead,0,0,0,Dry,0,4,0,No Control,0,0,0
2160,Non-Fatal Injury,,,Yes,,2007-12-20T00:00:00,,Toronto and East York,,,67,8,West,Major,45 to 49,Daylight,Intersection,Going Ahead,0,0,0,Wet,0,4,0,Passive Control,0,0,0
2161,Non-Fatal Injury,,,Yes,,2007-12-20T00:00:00,,North York,Driving Properly,,108,18,East,None,40 to 44,Dark,Intersection,Turning Left,0,0,0,Dry,0,4,0,Passive Control,0,0,0
2163,Non-Fatal Injury,,,Yes,,2007-12-21T00:00:00,,North York,Driving Properly,,26,5,East,Major,20 to 24,Dark,Mid-Block,Going Ahead,0,0,0,Dry,0,4,0,No Control,0,1,0
2167,Non-Fatal Injury,,,Yes,,2007-12-21T00:00:00,,North York,Improper Turn,,26,5,East,None,60 to 64,Dark,Mid-Block,Turning Right,0,0,0,Dry,0,4,0,No Control,0,1,0
2168,Non-Fatal Injury,,,Yes,,2007-12-23T00:00:00,,Toronto and East York,,,61,1,Unknown,None,Unknown,Dark,,Unknown,0,0,0,Wet,0,4,0,Passive Control,0,0,0
2170,Non-Fatal Injury,,,Yes,,2007-12-23T00:00:00,,Toronto and East York,Driving Properly,,71,19,North,None,15 to 19,Dark,Mid-Block,Going Ahead,0,0,0,Dry,0,4,0,No Control,0,0,0
2172,Fatal,,,Yes,,2007-12-24T00:00:00,,North York,Driving Properly,,52,21,West,None,90 to 94,Dark,Intersection,Going Ahead,0,0,0,Dry,0,4,0,Passive Control,0,0,0
2175,Non-Fatal Injury,,,Yes,,2007-12-27T00:00:00,,North York,Improper Turn,,119,0,North,None,25 to 29,Dark,Intersection,Making U Turn,0,0,0,Dry,0,4,0,No Control,0,0,0
2178,Non-Fatal Injury,,,Yes,,2007-12-27T00:00:00,,North York,Driving Properly,,119,0,South,Major,20 to 24,Dark,Intersection,Going Ahead,0,0,0,Dry,0,4,0,No Control,0,0,0
2179,Non-Fatal Injury,,,Yes,,2007-12-27T00:00:00,,Scarborough,,,137,9,East,None,55 to 59,Daylight,,Going Ahead,0,0,0,Dry,0,4,0,Passive Control,0,0,0
2183,Non-Fatal Injury,Yes,,Yes,,2007-12-28T00:00:00,,Etobicoke York,Exceeding Speed Limit,,90,14,North,Major,25 to 29,Daylight,Intersection,Going Ahead,0,0,0,Dry,0,4,1,Passive Control,0,0,0
2184,Non-Fatal Injury,Yes,,Yes,,2007-12-29T00:00:00,,Scarborough,Failed to Yield Right of Way,,118,13,South,Minimal,70 to 74,Daylight,Mid-Block,Other,0,0,0,Dry,0,3,0,No Control,0,0,0
2187,Non-Fatal Injury,Yes,,Yes,,2007-12-29T00:00:00,,Scarborough,Driving Properly,,118,13,North,Major,30 to 34,Daylight,Mid-Block,Going Ahead,0,0,0,Dry,0,3,0,No Control,0,0,0
2188,Non-Fatal Injury,,,Yes,,2007-12-29T00:00:00,,Toronto and East York,,,62,21,Unknown,None,60 to 64,Dark,,Going Ahead,0,0,0,Dry,0,4,0,No Control,0,0,0
2190,Non-Fatal Injury,Yes,,Yes,,2007-12-31T00:00:00,,Etobicoke York,Speed too Fast For Condition,,24,6,East,Major,65 to 69,Dark,Intersection,Going Ahead,0,0,0,Loose Snow,0,4,1,Passive Control,0,0,6
2191,Non-Fatal Injury,Yes,,Yes,,2007-12-31T00:00:00,,Etobicoke York,Driving Properly,,24,6,East,Major,45 to 49,Dark,Intersection,Slowing or Stopping,0,0,0,Loose Snow,0,4,1,Passive Control,0,0,6
2192,Non-Fatal Injury,Yes,,Yes,,2007-12-31T00:00:00,,Etobicoke York,Driving Properly,,3,15,South,Major,55 to 59,Daylight,Intersection,Slowing or Stopping,0,0,0,Dry,0,4,0,No Control,0,0,0
2193,Non-Fatal Injury,Yes,,Yes,,2007-12-31T00:00:00,,Etobicoke York,Following too Close,,3,15,South,None,35 to 39,Daylight,Intersection,Going Ahead,0,0,0,Dry,0,4,0,No Control,0,0,0
2194,Non-Fatal Injury,,,Yes,,2008-01-03T00:00:00,,North York,Driving Properly,,56,16,South,None,35 to 39,Daylight,Intersection,Stopped,0,0,0,Loose Snow,0,4,0,Passive Control,0,0,6
2195,Non-Fatal Injury,,,Yes,,2008-01-03T00:00:00,,North York,Lost control,,56,16,South,Major,60 to 64,Daylight,Intersection,Stopped,0,0,0,Loose Snow,0,4,0,Passive Control,0,0,6
2196,Non-Fatal Injury,,,Yes,,2008-01-04T00:00:00,,North York,Lost control,,42,15,West,Minor,55 to 59,Daylight,Mid-Block,Going Ahead,0,0,0,Dry,0,4,0,No Control,0,0,0
2198,Non-Fatal Injury,,,Yes,,2008-01-04T00:00:00,,North York,Driving Properly,,42,15,East,Major,15 to 19,Daylight,Mid-Block,Going Ahead,0,0,0,Dry,0,4,0,No Control,0,0,0
2199,Fatal,,,Yes,,2008-01-05T00:00:00,,Scarborough,Driving Properly,,138,18,East,None,45 to 49,Dark,Intersection,Going Ahead,0,0,0,Wet,0,4,0,No Control,0,0,5
2201,Fatal,,,Yes,,2008-01-05T00:00:00,,Etobicoke York,Driving Properly,,7,19,North,Minimal,80 to 84,Dark,Mid-Block,Going Ahead,0,0,0,Wet,0,3,0,No Control,0,0,0
2203,Fatal,,,Yes,,2008-01-07T00:00:00,,North York,Improper Turn,,39,17,East,None,30 to 34,Dark,Intersection,Turning Left,0,0,0,Wet,0,4,0,Passive Control,0,0,0
2205,Non-Fatal Injury,Yes,,Yes,,2008-01-07T00:00:00,,Scarborough,Failed to Yield Right of Way,,118,17,South,None,65 to 69,Dark,Intersection,Turning Left,0,0,0,Wet,0,3,0,Passive Control,0,0,0
2207,Non-Fatal Injury,Yes,,Yes,,2008-01-07T00:00:00,,North York,Failed to Yield Right of Way,,44,18,East,None,25 to 29,Dark,Intersection,Turning Left,0,0,0,Wet,0,0,0,Passive Control,0,0,5
2210,Fatal,,,Yes,,2008-01-08T00:00:00,,Etobicoke York,Lost control,,1,5,West,Minimal,25 to 29,Dark,Intersection,Going Ahead,0,0,0,Dry,0,4,0,No Control,0,0,0
2213,Non-Fatal Injury,Yes,,Yes,,2008-01-11T00:00:00,,Toronto and East York,Exceeding Speed Limit,,106,3,West,Minor,20 to 24,Dark,Intersection,Going Ahead,0,0,0,Wet,0,5,1,Passive Control,0,0,5
2216,Non-Fatal Injury,Yes,,Yes,,2008-01-11T00:00:00,,Toronto and East York,Disobeyed Traffic Control,,106,3,North,None,Unknown,Dark,Intersection,Going Ahead,0,0,0,Wet,0,5,1,Passive Control,0,0,5
2217,Non-Fatal Injury,Yes,,Yes,,2008-01-11T00:00:00,,Etobicoke York,Failed to Yield Right of Way,,26,8,West,None,65 to 69,Daylight,Intersection,Turning Left,0,0,0,Wet,0,3,0,Passive Control,0,0,0
2219,Non-Fatal Injury,,,Yes,,2008-01-11T00:00:00,,North York,Improper Turn,,46,9,South,None,70 to 74,Daylight,Intersection,Turning Left,0,0,0,Dry,0,4,0,Passive Control,0,0,0
2222,Non-Fatal Injury,Yes,,Yes,,2008-01-11T00:00:00,,Scarborough,Disobeyed Traffic Control,,132,18,South,None,35 to 39,Dark,Intersection,Going Ahead,0,0,0,Dry,0,0,0,Passive Control,0,0,0
2227,Non-Fatal Injury,,Yes,Yes,,2008-01-14T00:00:00,,Scarborough,Lost control,,127,22,North,Major,20 to 24,Dark,Mid-Block,Going Ahead,0,0,0,Wet,0,3,0,No Control,0,0,6
2228,Non-Fatal Injury,,,Yes,,2008-01-15T00:00:00,,Etobicoke York,Driving Properly,,110,6,South,None,40 to 44,"Dusk, artificial",Mid-Block,Turning Right,0,0,0,Slush,0,5,0,No Control,0,0,6
2230,Non-Fatal Injury,Yes,,Yes,,2008-01-15T00:00:00,,Etobicoke York,Failed to Yield Right of Way,,21,7,South,None,Unknown,Daylight,Mid-Block,Turning Left,0,0,0,Loose Snow,0,4,0,No Control,0,0,6
2232,Non-Fatal Injury,,,Yes,,2008-01-16T00:00:00,,Etobicoke York,Driving Properly,,23,9,South,Minor,75 to 79,Daylight,Intersection,Going Ahead,0,0,0,Dry,0,4,0,Passive Control,0,0,0
2233,Non-Fatal Injury,,,Yes,,2008-01-16T00:00:00,,Etobicoke York,Wrong Way on One Way Road,,23,9,North,Major,65 to 69,Daylight,Intersection,Going Ahead,0,0,0,Dry,0,4,0,Passive Control,0,0,0
2234,Non-Fatal Injury,Yes,,Yes,,2008-01-16T00:00:00,Yes,Scarborough,Driving Properly,,128,16,South,Minor,45 to 49,Daylight,Intersection,Turning Left,0,0,0,Dry,0,4,0,Passive Control,0,0,0
2235,Non-Fatal Injury,Yes,,Yes,,2008-01-16T00:00:00,Yes,Scarborough,Disobeyed Traffic Control,,128,16,North,Major,90 to 94,Daylight,Intersection,Going Ahead,0,0,0,Dry,0,4,0,Passive Control,0,0,0
2236,Non-Fatal Injury,,,Yes,,2008-01-17T00:00:00,,North York,Driving Properly,,50,17,West,None,30 to 34,Dark,Mid-Block,Going Ahead,0,0,0,Wet,0,4,0,No Control,0,0,6
2238,Non-Fatal Injury,Yes,,Yes,,2007-08-17T00:00:00,,Toronto and East York,Other,,93,14,North,None,45 to 49,Daylight,,Stopped,0,0,0,Dry,0,5,1,Passive Control,1,0,0
2239,Non-Fatal Injury,Yes,,Yes,,2007-05-23T00:00:00,,Etobicoke York,Following too Close,,1,20,West,Major,15 to 19,Dark,Mid-Block,Going Ahead,0,0,0,Dry,0,4,0,No Control,0,0,0
2243,Non-Fatal Injury,,Yes,Yes,,2007-10-21T00:00:00,,Etobicoke York,,,1,2,West,None,25 to 29,Dark,Mid-Block,Other,0,0,0,Dry,0,4,0,No Control,0,0,0
2245,Non-Fatal Injury,,,Yes,,2007-07-24T00:00:00,,Toronto and East York,Driving Properly,,75,9,South,None,55 to 59,Daylight,Mid-Block,Going Ahead,0,0,0,Dry,0,4,0,No Control,0,0,0
2246,Non-Fatal Injury,Yes,Yes,Yes,,2007-09-24T00:00:00,,Toronto and East York,Lost control,,68,2,South,Major,15 to 19,Dark,Mid-Block,Going Ahead,0,0,0,Dry,0,5,1,No Control,0,0,0
2248,Non-Fatal Injury,,,Yes,Yes,2007-11-14T00:00:00,,Toronto and East York,Improper Turn,,82,18,East,None,75 to 79,Dark,Intersection,Turning Left,0,0,0,Dry,0,4,0,Passive Control,0,0,0
2251,Fatal,,,Yes,,2007-07-05T00:00:00,,Scarborough,Lost control,,131,5,North,Fatal,15 to 19,Dark,Intersection,Going Ahead,0,0,0,Dry,0,0,0,No Control,0,0,2
2260,Non-Fatal Injury,,,Yes,,2007-08-18T00:00:00,,Scarborough,Other,,121,13,South,None,50 to 54,Daylight,Intersection,Going Ahead,0,0,0,Dry,0,4,0,No Control,0,0,0
2262,Non-Fatal Injury,Yes,,Yes,,2007-05-23T00:00:00,,Etobicoke York,Driving Properly,,1,20,West,Minimal,20 to 24,Dark,Mid-Block,Going Ahead,0,0,0,Dry,0,4,0,No Control,0,0,0
2263,Non-Fatal Injury,Yes,,Yes,,2007-07-25T00:00:00,,Toronto and East York,Disobeyed Traffic Control,,58,12,North,Minimal,35 to 39,Daylight,Intersection,Going Ahead,0,0,0,Dry,0,5,1,Passive Control,0,0,0
2264,Non-Fatal Injury,,,Yes,,2007-09-24T00:00:00,,Toronto and East York,Lost control,,95,17,West,Major,75 to 79,Daylight,Mid-Block,Reversing,0,0,0,Dry,0,4,0,No Control,0,0,0
2265,Non-Fatal Injury,Yes,,Yes,,2007-07-06T00:00:00,,Scarborough,Improper Turn,,131,10,East,Minor,25 to 29,Daylight,Intersection,Turning Left,0,0,0,Dry,0,5,0,Passive Control,0,0,0
2268,Non-Fatal Injury,Yes,,Yes,,2007-07-25T00:00:00,,Toronto and East York,Driving Properly,,58,12,East,Major,70 to 74,Daylight,Intersection,Going Ahead,0,0,0,Dry,0,5,1,Passive Control,0,0,0
2273,Non-Fatal Injury,Yes,,Yes,,2007-05-24T00:00:00,,Etobicoke York,Failed to Yield Right of Way,,90,16,North,Major,40 to 44,Daylight,Mid-Block,Going Ahead,0,0,0,Dry,0,4,0,No Control,1,0,0
2274,Non-Fatal Injury,Yes,Yes,Yes,,2007-06-21T00:00:00,,North York,Speed too Fast For Condition,,51,22,South,None,20 to 24,Daylight,Mid-Block,Going Ahead,0,0,0,Dry,0,4,1,No Control,0,0,0
2275,Non-Fatal Injury,Yes,,Yes,,2007-07-06T00:00:00,,Scarborough,Driving Properly,,131,10,West,Major,25 to 29,Daylight,Intersection,Going Ahead,0,0,0,Dry,0,5,0,Passive Control,0,0,0
2283,Non-Fatal Injury,Yes,,Yes,,2007-10-21T00:00:00,,Scarborough,Driving Properly,,131,14,East,Major,45 to 49,Daylight,Intersection,Going Ahead,0,0,0,Dry,0,5,0,Passive Control,0,0,0
2284,Non-Fatal Injury,,,,,2007-09-26T00:00:00,,Scarborough,Driving Properly,,116,9,East,None,60 to 64,Daylight,Mid-Block,Going Ahead,0,0,0,Dry,0,4,0,No Control,0,1,0
2285,Non-Fatal Injury,Yes,,Yes,,2007-07-25T00:00:00,,Toronto and East York,Driving Properly,,58,12,South,None,45 to 49,Daylight,Intersection,Stopped,0,0,0,Dry,0,5,1,Passive Control,0,0,0
2286,Non-Fatal Injury,Yes,,Yes,,2007-05-24T00:00:00,,Etobicoke York,Driving Properly,,90,16,North,Major,50 to 54,Daylight,Mid-Block,Going Ahead,0,0,0,Dry,0,4,0,No Control,1,0,0
2288,Non-Fatal Injury,,,Yes,,2007-05-27T00:00:00,,Toronto and East York,Improper Turn,,93,16,South,Major,60 to 64,Daylight,Mid-Block,Making U Turn,0,0,0,Dry,0,4,0,No Control,0,0,0
2291,Non-Fatal Injury,Yes,,Yes,,2007-10-21T00:00:00,,Scarborough,Failed to Yield Right of Way,,131,14,North,None,55 to 59,Daylight,Intersection,Going Ahead,0,0,0,Dry,0,5,0,Passive Control,0,0,0
2292,Non-Fatal Injury,Yes,,Yes,,2007-08-18T00:00:00,,Etobicoke York,Exceeding Speed Limit,,113,13,West,None,15 to 19,Daylight,Mid-Block,Going Ahead,0,0,0,Dry,0,0,1,No Control,0,0,0
2293,Non-Fatal Injury,,,Yes,,2007-07-07T00:00:00,,Toronto and East York,Driving Properly,,78,3,East,None,20 to 24,Dark,Intersection,Going Ahead,0,0,0,Dry,0,4,0,No Control,0,0,0
2294,Non-Fatal Injury,Yes,,Yes,,2007-07-25T00:00:00,,Toronto and East York,Driving Properly,,87,20,East,Major,30 to 34,Daylight,Mid-Block,Going Ahead,0,0,0,Dry,0,4,0,No Control,0,0,0
2297,Non-Fatal Injury,,,Yes,,2007-11-15T00:00:00,,Etobicoke York,Driving Properly,,19,7,East,None,40 to 44,Daylight,Intersection,Going Ahead,0,0,0,Dry,0,4,0,Passive Control,0,0,0
2298,Non-Fatal Injury,Yes,,,,2007-06-22T00:00:00,,Scarborough,Driving Properly,,133,12,West,Major,40 to 44,Daylight,Intersection,Going Ahead,0,0,0,Dry,0,5,0,Passive Control,0,0,0
2299,Non-Fatal Injury,Yes,,Yes,,2007-09-26T00:00:00,,Scarborough,Driving Properly,,120,14,West,None,75 to 79,Daylight,Intersection,Going Ahead,0,0,0,Wet,0,5,0,Passive Control,0,0,0
2304,Non-Fatal Injury,Yes,,Yes,,2007-10-22T00:00:00,,Toronto and East York,Failed to Yield Right of Way,,82,9,South,None,40 to 44,Daylight,Intersection,Turning Left,0,0,0,Dry,0,3,0,Passive Control,0,0,0
2306,Non-Fatal Injury,,,Yes,,2007-05-27T00:00:00,,Toronto and East York,Driving Properly,,93,16,South,None,20 to 24,Daylight,Mid-Block,Going Ahead,0,0,0,Dry,0,4,0,No Control,0,0,0
2308,Non-Fatal Injury,Yes,,Yes,,2007-07-25T00:00:00,,Toronto and East York,Failed to Yield Right of Way,,87,20,East,None,20 to 24,Daylight,Mid-Block,Making U Turn,0,0,0,Dry,0,4,0,No Control,0,0,0
2309,Non-Fatal Injury,,,,,2007-06-22T00:00:00,,Scarborough,,,123,10,Unknown,None,45 to 49,Daylight,Mid-Block,Going Ahead,0,0,0,Dry,0,6,0,No Control,0,0,0
2310,Non-Fatal Injury,Yes,,Yes,,2007-09-26T00:00:00,,Scarborough,Disobeyed Traffic Control,,120,14,North,None,50 to 54,Daylight,Intersection,Going Ahead,0,0,0,Wet,0,5,0,Passive Control,0,0,0
2314,Non-Fatal Injury,Yes,,Yes,,2007-05-28T00:00:00,,Scarborough,Failed to Yield Right of Way,,134,5,South,None,50 to 54,Dark,Intersection,Turning Left,0,0,0,Dry,0,5,0,Passive Control,0,0,0
2315,Non-Fatal Injury,,,,,2007-07-08T00:00:00,,Toronto and East York,Lost control,,86,10,West,Major,45 to 49,Daylight,Intersection,Going Ahead,0,0,0,Wet,0,5,0,Passive Control,0,0,5
2316,Non-Fatal Injury,,Yes,,,2007-07-26T00:00:00,,Toronto and East York,Other,,93,2,South,Major,45 to 49,Dark,Mid-Block,Going Ahead,0,0,0,Dry,0,5,0,No Control,0,0,0
2317,Non-Fatal Injury,,,Yes,,2007-08-19T00:00:00,,Etobicoke York,Other,,21,11,South,None,55 to 59,Daylight,Mid-Block,Going Ahead,0,0,0,Dry,0,4,0,No Control,0,0,0
2318,Non-Fatal Injury,Yes,,Yes,,2007-10-22T00:00:00,,North York,Disobeyed Traffic Control,,27,10,North,Major,45 to 49,Daylight,Intersection,Going Ahead,0,0,0,Dry,0,4,0,Passive Control,0,0,0
2322,Non-Fatal Injury,,,Yes,,2007-11-16T00:00:00,,Scarborough,Driving Properly,,128,10,East,Major,50 to 54,Daylight,Mid-Block,Stopped,0,0,0,Dry,0,4,0,No Control,0,0,0
2326,Non-Fatal Injury,Yes,,,,2007-06-22T00:00:00,,Scarborough,Failed to Yield Right of Way,,133,12,South,None,40 to 44,Daylight,Intersection,Turning Left,0,0,0,Dry,0,5,0,Passive Control,0,0,0
2327,Non-Fatal Injury,Yes,,Yes,,2007-07-08T00:00:00,,Etobicoke York,Driving Properly,,7,20,West,Major,45 to 49,Dusk,Mid-Block,Going Ahead,0,0,0,Wet,0,4,0,No Control,0,0,5
2329,Non-Fatal Injury,Yes,,Yes,,2007-10-22T00:00:00,,North York,Driving Properly,,27,10,East,None,70 to 74,Daylight,Intersection,Going Ahead,0,0,0,Dry,0,4,0,Passive Control,0,0,0
2330,Non-Fatal Injury,,,Yes,,2007-09-26T00:00:00,,Etobicoke York,Driving Properly,,3,15,East,None,50 to 54,Daylight,Mid-Block,Going Ahead,0,0,0,Dry,0,4,0,No Control,0,0,0
2331,Non-Fatal Injury,Yes,,Yes,,2007-05-28T00:00:00,,North York,Failed to Yield Right of Way,,105,12,West,None,60 to 64,Daylight,Intersection,Reversing,0,0,0,Dry,0,4,0,No Control,0,0,0
2333,Non-Fatal Injury,,,Yes,,2007-10-22T00:00:00,Yes,Etobicoke York,Driving Properly,,22,13,South,None,60 to 64,Daylight,Intersection,Turning Left,0,0,0,Dry,0,4,0,Passive Control,0,0,0
2335,Non-Fatal Injury,,,,,2007-08-20T00:00:00,,Scarborough,Driving Properly,,127,16,West,None,50 to 54,Daylight,Mid-Block,Going Ahead,0,0,0,Dry,0,6,0,No Control,1,0,0
2336,Non-Fatal Injury,Yes,,Yes,Yes,2007-07-26T00:00:00,,Toronto and East York,Improper Passing,,69,23,West,None,Unknown,Dark,Intersection,Going Ahead,0,0,0,Dry,0,4,0,Passive Control,0,0,0
2337,Non-Fatal Injury,,,Yes,,2007-09-26T00:00:00,,Etobicoke York,Lost control,,3,15,West,Major,30 to 34,Daylight,Mid-Block,Going Ahead,0,0,0,Dry,0,4,0,No Control,0,0,0
2338,Non-Fatal Injury,Yes,,Yes,,2007-07-08T00:00:00,,Etobicoke York,Following too Close,,7,20,East,None,55 to 59,Dusk,Mid-Block,Changing Lanes,0,0,0,Wet,0,4,0,No Control,0,0,5
2342,Non-Fatal Injury,,,Yes,,2007-11-16T00:00:00,,Scarborough,Lost control,,128,10,South,None,25 to 29,Daylight,Mid-Block,Turning Right,0,0,0,Dry,0,4,0,No Control,0,0,0
2343,Non-Fatal Injury,Yes,,Yes,,2007-09-27T00:00:00,,North York,Driving Properly,,42,16,South,None,45 to 49,Daylight,Mid-Block,Going Ahead,0,0,0,Dry,0,4,0,No Control,0,0,0
2344,Non-Fatal Injury,,,Yes,,2007-05-28T00:00:00,,Etobicoke York,Driving Properly,,2,18,West,None,30 to 34,Daylight,Mid-Block,Going Ahead,0,0,0,Dry,0,4,0,No Control,0,0,0
2347,Non-Fatal Injury,Yes,,Yes,,2007-09-27T00:00:00,,North York,Failed to Yield Right of Way,,42,16,South,Major,60 to 64,Daylight,Mid-Block,Going Ahead,0,0,0,Dry,0,4,0,No Control,0,0,0
2350,Non-Fatal Injury,,,Yes,,2007-10-22T00:00:00,Yes,Etobicoke York,Lost control,,22,13,North,Major,45 to 49,Daylight,Intersection,Going Ahead,0,0,0,Dry,0,4,0,Passive Control,0,0,0
2351,Non-Fatal Injury,Yes,,Yes,,2007-07-08T00:00:00,,Etobicoke York,Driving Properly,,7,20,West,None,20 to 24,Dusk,Mid-Block,Stopped,0,0,0,Wet,0,4,0,No Control,0,0,5
2352,Non-Fatal Injury,Yes,,Yes,,2007-08-22T00:00:00,,Toronto and East York,Following too Close,,92,12,West,None,90 to 94,Daylight,Intersection,Slowing or Stopping,0,0,0,Dry,0,4,0,Passive Control,0,0,0
2356,Non-Fatal Injury,Yes,,Yes,,2007-07-27T00:00:00,,Etobicoke York,Disobeyed Traffic Control,,7,9,North,None,25 to 29,Daylight,Intersection,Going Ahead,0,0,0,Dry,0,4,0,Passive Control,0,0,0
2358,Non-Fatal Injury,,,Yes,,2007-11-17T00:00:00,,Scarborough,Other,,134,2,South,None,30 to 34,Dark,Mid-Block,Parked,0,0,0,Dry,0,3,0,No Control,0,0,0
2359,Non-Fatal Injury,Yes,,Yes,,2007-08-22T00:00:00,,Toronto and East York,Driving Properly,,92,12,West,Major,40 to 44,Daylight,Intersection,Stopped,0,0,0,Dry,0,4,0,Passive Control,0,0,0
2363,Non-Fatal Injury,,,Yes,,2007-06-22T00:00:00,,Scarborough,Improper Turn,,118,20,North,None,35 to 39,Daylight,Intersection,Turning Left,0,0,0,Dry,0,4,0,Passive Control,0,0,0
2366,Non-Fatal Injury,Yes,,Yes,,2007-10-23T00:00:00,,North York,Failed to Yield Right of Way,,51,6,North,None,20 to 24,Dark,Intersection,Turning Right,0,0,0,Wet,0,4,0,Passive Control,0,0,5
2367,Fatal,Yes,,Yes,,2007-06-01T00:00:00,,Scarborough,Exceeding Speed Limit,,127,19,West,Fatal,35 to 39,Daylight,Intersection,Going Ahead,0,0,0,Dry,0,4,1,Passive Control,0,0,0
2368,Non-Fatal Injury,Yes,,Yes,,2007-06-22T00:00:00,,Etobicoke York,Following too Close,,7,23,North,None,70 to 74,Dark,Intersection,Going Ahead,0,0,0,Dry,0,4,0,Passive Control,0,0,0
2371,Non-Fatal Injury,Yes,,Yes,,2007-09-27T00:00:00,,North York,Driving Properly,,42,16,South,Minimal,25 to 29,Daylight,Mid-Block,Stopped,0,0,0,Dry,0,4,0,No Control,0,0,0
2372,Non-Fatal Injury,Yes,,Yes,,2007-07-27T00:00:00,,Etobicoke York,Driving Properly,,7,9,East,Major,45 to 49,Daylight,Intersection,Going Ahead,0,0,0,Dry,0,4,0,Passive Control,0,0,0
2373,Non-Fatal Injury,Yes,,Yes,,2007-07-10T00:00:00,,Etobicoke York,Disobeyed Traffic Control,,2,22,South,Minimal,20 to 24,Dark,Intersection,Unknown,0,0,0,Dry,0,4,1,Passive Control,0,0,0
2380,Non-Fatal Injury,,,,,2007-08-23T00:00:00,,Scarborough,Other,,122,19,North,Major,55 to 59,Daylight,Mid-Block,Reversing,0,0,0,Dry,0,3,0,No Control,0,0,0