,ACCLASS,AG_DRIV,ALCOHOL,AUTOMOBILE,CYCLIST,DATE,DISABILITY,DISTRICT,DRIVACT,EMERG_VEH,HOOD_ID,HOUR,INITDIR,INJURY,INVAGE,LIGHT,LOCCOORD,MANOEUVER,MOTORCYCLE,PASSENGER,PEDESTRIAN,RDSFCOND,REDLIGHT,ROAD_CLASS,SPEEDING,TRAFFCTL,TRSN_CITY_VEH,TRUCK,VISIBILITY
5461,Non-Fatal Injury,Yes,,Yes,,2010-06-24T00:00:00,,North York,Following too Close,,107,16,North,Minimal,20 to 24,Daylight,Intersection,Going Ahead,0,0,0,Dry,0,4,0,Passive Control,0,0,0
5464,Non-Fatal Injury,Yes,,Yes,,2010-06-24T00:00:00,,North York,Driving Properly,,107,16,North,Major,15 to 19,Daylight,Intersection,Slowing or Stopping,0,0,0,Dry,0,4,0,Passive Control,0,0,0
5465,Non-Fatal Injury,,,Yes,,2010-06-24T00:00:00,,Etobicoke York,Improper Turn,,113,23,West,Major,25 to 29,Dark,Intersection,Turning Left,0,0,0,Dry,0,4,0,Passive Control,0,0,0
5467,Non-Fatal Injury,,,Yes,,2010-06-24T00:00:00,,Etobicoke York,Driving Properly,,113,23,East,Minor,65 to 69,Dark,Intersection,Going Ahead,0,0,0,Dry,0,4,0,Passive Control,0,0,0
5468,Non-Fatal Injury,Yes,,Yes,Yes,2010-06-25T00:00:00,,North York,Disobeyed Traffic Control,,50,17,West,None,Unknown,Daylight,Intersection,Going Ahead,0,0,0,Dry,0,4,0,Passive Control,0,0,0
5470,Non-Fatal Injury,,,Yes,,2010-06-26T00:00:00,,Scarborough,Driving Properly,,136,11,East,None,80 to 84,Daylight,Mid-Block,Going Ahead,0,0,0,Wet,0,5,0,No Control,0,0,4
5474,Non-Fatal Injury,Yes,,Yes,,2010-06-26T00:00:00,,Toronto and East York,Failed to Yield Right of Way,,80,12,South,None,70 to 74,Daylight,Intersection,Turning Left,0,0,0,Wet,0,5,0,Passive Control,0,0,5
5476,Non-Fatal Injury,,,Yes,,2010-06-26T00:00:00,,Toronto and East York,Driving Properly,,58,14,South,None,15 to 19,Daylight,Intersection,Going Ahead,0,0,0,Wet,0,4,0,No Control,0,0,5
5478,Non-Fatal Injury,,,,,2010-06-26T00:00:00,,North York,Driving Properly,,55,22,East,None,30 to 34,Dark,Mid-Block,Slowing or Stopping,0,0,0,Wet,0,4,0,No Control,1,0,5
5481,Non-Fatal Injury,,,Yes,,2010-05-05T00:00:00,,Toronto and East York,Improper Lane Change,,61,17,West,Major,40 to 44,Daylight,Mid-Block,Changing Lanes,0,0,0,Wet,0,4,0,No Control,0,0,5
5483,Fatal,Yes,,Yes,,2010-05-06T00:00:00,,Toronto and East York,Driving Properly,,77,16,East,None,40 to 44,Daylight,Mid-Block,Going Ahead,0,0,0,Dry,0,5,0,No Control,0,0,0
5484,Non-Fatal Injury,,,Yes,,2009-10-30T00:00:00,,Scarborough,Lost control,,124,19,East,None,50 to 54,Dark,Mid-Block,Reversing,0,0,0,Dry,0,5,0,No Control,0,0,0
5485,Non-Fatal Injury,,,Yes,,2009-10-04T00:00:00,,North York,Driving Properly,,107,15,North,Minimal,35 to 39,Daylight,Intersection,Going Ahead,0,0,0,Wet,0,4,0,Passive Control,0,0,0
5491,Fatal,Yes,,Yes,,2010-05-06T00:00:00,,Toronto and East York,Failed to Yield Right of Way,,77,16,South,Minor,75 to 79,Daylight,Mid-Block,Going Ahead,0,0,0,Dry,0,5,0,No Control,0,0,0
5494,Non-Fatal Injury,Yes,,Yes,,2009-10-05T00:00:00,,North York,Failed to Yield Right of Way,,27,12,West,Major,70 to 74,Daylight,Intersection,Turning Left,0,0,0,Dry,0,4,0,Passive Control,0,0,0
5495,Non-Fatal Injury,,,Yes,,2009-09-18T00:00:00,,Scarborough,Driving Properly,,122,0,East,None,40 to 44,Dark,Mid-Block,Going Ahead,0,0,0,Dry,0,4,0,No Control,0,0,0
5498,Non-Fatal Injury,,,Yes,,2009-11-25T00:00:00,,North York,Improper Turn,,27,19,West,Minor,25 to 29,Dark,Intersection,Turning Left,0,0,0,Wet,0,5,0,Passive Control,0,0,0
5499,Fatal,Yes,,Yes,,2009-10-31T00:00:00,,Etobicoke York,Disobeyed Traffic Control,,27,9,South,Fatal,15 to 19,Daylight,Intersection,Going Ahead,0,0,0,Wet,0,4,0,Passive Control,0,0,5
5500,Non-Fatal Injury,,,Yes,,2010-02-20T00:00:00,,Scarborough,Improper Turn,,116,16,West,Minimal,15 to 19,Daylight,Intersection,Turning Left,0,0,0,Dry,0,4,0,Passive Control,0,0,0
5502,Non-Fatal Injury,Yes,,Yes,,2009-10-05T00:00:00,,North York,Driving Properly,,27,12,East,Minimal,25 to 29,Daylight,Intersection,Stopped,0,0,0,Dry,0,4,0,Passive Control,0,0,0
5506,Fatal,Yes,,Yes,,2009-10-31T00:00:00,,Etobicoke York,Driving Properly,,27,9,West,Minimal,50 to 54,Daylight,Intersection,Turning Left,0,0,0,Wet,0,4,0,Passive Control,0,0,5
5507,Non-Fatal Injury,,,Yes,Yes,2010-05-11T00:00:00,,Toronto and East York,Other,,67,15,East,None,40 to 44,Daylight,Mid-Block,Parked,0,0,0,Dry,0,3,0,No Control,0,0,0
5511,Non-Fatal Injury,,,Yes,,2010-02-20T00:00:00,,Scarborough,Driving Properly,,116,16,East,Minor,55 to 59,Daylight,Intersection,Going Ahead,0,0,0,Dry,0,4,0,Passive Control,0,0,0
5512,Non-Fatal Injury,,,Yes,,2010-02-24T00:00:00,,Toronto and East York,Driving Properly,,85,16,East,Minimal,50 to 54,Daylight,Mid-Block,Going Ahead,0,0,0,Dry,0,4,0,No Control,0,0,0
5514,Non-Fatal Injury,,,Yes,,2010-02-24T00:00:00,,Toronto and East York,Improper Lane Change,,85,16,East,Minor,30 to 34,Daylight,Mid-Block,Making U Turn,0,0,0,Dry,0,4,0,No Control,0,0,0
5515,Non-Fatal Injury,,,Yes,,2010-02-24T00:00:00,,Toronto and East York,Driving Properly,,85,16,East,None,35 to 39,Daylight,Mid-Block,Going Ahead,0,0,0,Dry,0,4,0,No Control,0,0,0
5516,Non-Fatal Injury,Yes,Yes,Yes,,2010-02-27T00:00:00,,North York,Speed too Fast For Condition,,36,5,East,Major,30 to 34,Dark,Intersection,Going Ahead,0,0,0,Slush,0,4,1,Passive Control,0,0,6
5520,Non-Fatal Injury,,,Yes,,2010-02-27T00:00:00,,Etobicoke York,Driving Properly,,16,23,East,None,20 to 24,Dark,Mid-Block,Going Ahead,0,0,0,Dry,0,4,0,Passive Control,0,0,0
5522,Fatal,Yes,,Yes,,2010-02-28T00:00:00,,Toronto and East York,Exceeding Speed Limit,,70,23,East,Fatal,50 to 54,Dark,Mid-Block,Going Ahead,0,0,0,Dry,0,3,1,No Control,0,0,0
5525,Non-Fatal Injury,Yes,,Yes,,2010-03-01T00:00:00,,Toronto and East York,Driving Properly,,63,7,East,Major,35 to 39,Daylight,Intersection,Going Ahead,0,0,0,Dry,0,4,0,Passive Control,0,1,0
5526,Non-Fatal Injury,Yes,,Yes,,2010-03-01T00:00:00,,Toronto and East York,Disobeyed Traffic Control,,63,7,South,Minor,55 to 59,Daylight,Intersection,Going Ahead,0,0,0,Dry,0,4,0,Passive Control,0,1,0
5529,Non-Fatal Injury,Yes,,Yes,,2010-03-01T00:00:00,,Scarborough,Failed to Yield Right of Way,,131,17,East,None,20 to 24,Daylight,Intersection,Turning Left,0,0,0,Dry,0,4,0,Passive Control,0,0,0
5531,Non-Fatal Injury,Yes,,Yes,,2010-03-01T00:00:00,,Scarborough,Driving Properly,,131,17,West,Minimal,55 to 59,Daylight,Intersection,Going Ahead,0,0,0,Dry,0,4,0,Passive Control,0,0,0
5534,Non-Fatal Injury,Yes,Yes,Yes,,2010-03-01T00:00:00,,Toronto and East York,Following too Close,,63,20,West,None,50 to 54,Dark,Mid-Block,Going Ahead,0,0,0,Dry,0,5,0,No Control,0,0,0
5535,Non-Fatal Injury,Yes,Yes,Yes,,2010-03-01T00:00:00,,Toronto and East York,Driving Properly,,63,20,West,None,25 to 29,Dark,Mid-Block,Going Ahead,0,0,0,Dry,0,5,0,No Control,0,0,0
5536,Non-Fatal Injury,Yes,Yes,Yes,,2010-03-01T00:00:00,,Toronto and East York,Driving Properly,,63,20,West,Major,55 to 59,Dark,Mid-Block,Stopped,0,0,0,Dry,0,5,0,No Control,0,0,0
5538,Fatal,,,,,2010-03-02T00:00:00,,Etobicoke York,Driving Properly,,20,16,West,None,45 to 49,Daylight,Intersection,Going Ahead,0,0,0,Dry,0,5,0,No Control,0,1,0
5540,Non-Fatal Injury,Yes,,Yes,,2010-03-04T00:00:00,,Scarborough,Driving Properly,,128,13,East,Major,20 to 24,Daylight,Intersection,Going Ahead,0,0,0,Dry,0,4,0,No Control,0,0,0
5542,Non-Fatal Injury,Yes,,Yes,,2010-03-04T00:00:00,,Scarborough,Improper Turn,,128,13,West,None,50 to 54,Daylight,Intersection,Turning Left,0,0,0,Dry,0,4,0,No Control,0,0,0
5543,Non-Fatal Injury,,,Yes,,2010-03-05T00:00:00,,North York,Driving Properly,,107,22,South,None,20 to 24,Dark,Intersection,Going Ahead,0,0,0,Dry,0,4,0,No Control,0,0,0
5545,Non-Fatal Injury,Yes,,Yes,,2010-03-08T00:00:00,,Scarborough,Failed to Yield Right of Way,,128,7,South,None,55 to 59,Daylight,Intersection,Turning Left,0,0,0,Dry,0,4,0,Passive Control,0,0,0
5548,Non-Fatal Injury,Yes,,Yes,,2010-03-08T00:00:00,,Toronto and East York,Failed to Yield Right of Way,,75,13,West,Minor,45 to 49,Daylight,Intersection,Turning Left,0,0,0,Dry,0,4,0,No Control,0,0,0
5552,Fatal,,,Yes,,2010-03-09T00:00:00,,Etobicoke York,Driving Properly,,2,15,West,None,40 to 44,Daylight,Mid-Block,Going Ahead,0,0,0,Dry,0,4,0,No Control,0,1,0
5553,Fatal,,,Yes,,2010-03-09T00:00:00,,Etobicoke York,Lost control,,2,15,East,Fatal,45 to 49,Daylight,Mid-Block,Going Ahead,0,0,0,Dry,0,4,0,No Control,0,1,0
5557,Fatal,Yes,,,,2010-03-12T00:00:00,,Toronto and East York,Speed too Fast For Condition,,68,5,South,Fatal,30 to 34,Dark,Mid-Block,Going Ahead,0,0,0,Dry,0,4,1,No Control,0,1,0
5559,Non-Fatal Injury,Yes,,Yes,,2010-03-12T00:00:00,,Scarborough,Failed to Yield Right of Way,,137,19,South,None,50 to 54,Dark,Intersection,Turning Left,0,0,0,Wet,0,4,0,Passive Control,0,0,5
5561,Non-Fatal Injury,,,Yes,,2010-03-15T00:00:00,,Etobicoke York,Improper Turn,,14,20,East,Major,55 to 59,Dark,Intersection,Turning Left,0,0,0,Dry,0,4,0,Passive Control,0,0,0
5562,Non-Fatal Injury,,,Yes,,2010-03-15T00:00:00,,Etobicoke York,Driving Properly,,14,20,West,None,25 to 29,Dark,Intersection,Going Ahead,0,0,0,Dry,0,4,0,Passive Control,0,0,0
5565,Non-Fatal Injury,Yes,,Yes,,2010-03-16T00:00:00,,Scarborough,Failed to Yield Right of Way,,117,8,South,Minimal,50 to 54,Daylight,Intersection,Turning Left,0,0,0,Dry,0,4,0,Passive Control,0,0,0
5568,Non-Fatal Injury,Yes,,Yes,,2010-03-17T00:00:00,,North York,Failed to Yield Right of Way,,33,9,North,None,55 to 59,Daylight,Intersection,Going Ahead,0,0,0,Dry,0,0,0,Passive Control,0,0,0
5570,Non-Fatal Injury,,,Yes,,2010-03-17T00:00:00,,Scarborough,Lost control,,136,15,East,Major,80 to 84,Daylight,Mid-Block,Going Ahead,0,0,0,Dry,0,5,0,No Control,0,0,0
5573,Non-Fatal Injury,,,Yes,,2010-03-19T00:00:00,,Toronto and East York,Driving Properly,,58,4,North,None,25 to 29,Dark,Mid-Block,Going Ahead,0,0,0,Dry,0,4,0,No Control,0,0,0
5577,Non-Fatal Injury,,,Yes,,2010-03-19T00:00:00,,Toronto and East York,Driving Properly,,58,4,North,None,25 to 29,Dark,Mid-Block,Going Ahead,0,0,0,Dry,0,4,0,No Control,0,0,0
5579,Non-Fatal Injury,Yes,,Yes,,2010-03-21T00:00:00,,Etobicoke York,Failed to Yield Right of Way,,17,8,North,None,75 to 79,Daylight,Intersection,Going Ahead,0,0,0,Dry,0,5,0,Passive Control,0,0,0
5581,Non-Fatal Injury,,,Yes,,2010-03-22T00:00:00,,Etobicoke York,Driving Properly,,1,20,North,None,45 to 49,Dark,Intersection,Going Ahead,0,0,0,Wet,0,4,0,Passive Control,0,0,5
5584,Non-Fatal Injury,,,Yes,,2010-03-23T00:00:00,,Etobicoke York,Improper Turn,,8,20,North,None,Unknown,Dark,Intersection,Turning Left,0,0,0,Wet,0,4,0,Passive Control,0,0,5
5587,Non-Fatal Injury,,,,,2010-03-24T00:00:00,,Scarborough,Lost control,,131,0,West,Major,55 to 59,Dark,Mid-Block,Going Ahead,0,0,0,Wet,0,5,0,No Control,0,0,0
5590,Fatal,Yes,,Yes,,2009-10-31T00:00:00,,Etobicoke York,Driving Properly,,27,9,East,None,55 to 59,Daylight,Intersection,Stopped,0,0,0,Wet,0,4,0,Passive Control,0,0,5
5593,Non-Fatal Injury,,,Yes,,2009-11-26T00:00:00,,Etobicoke York,Driving Properly,,1,0,North,None,25 to 29,Dark,Intersection,Going Ahead,0,0,0,Wet,0,4,0,Passive Control,0,0,0
5594,Non-Fatal Injury,,,Yes,,2009-09-18T00:00:00,,North York,Driving Properly,,44,23,West,None,50 to 54,Dark,Intersection,Turning Left,0,0,0,Dry,0,4,0,Passive Control,0,0,0
5595,Non-Fatal Injury,Yes,,Yes,,2010-05-11T00:00:00,,Toronto and East York,Failed to Yield Right of Way,,93,22,South,None,40 to 44,Dark,Intersection,Turning Left,0,0,0,Wet,0,4,0,Passive Control,0,0,5
5600,Non-Fatal Injury,Yes,,Yes,,2009-11-02T00:00:00,Yes,Toronto and East York,Lost control,,104,10,East,Major,70 to 74,Daylight,Mid-Block,Going Ahead,0,0,0,Dry,0,5,1,No Control,0,0,0
5601,Non-Fatal Injury,Yes,,Yes,,2009-10-05T00:00:00,,North York,Driving Properly,,27,12,East,Minimal,40 to 44,Daylight,Intersection,Going Ahead,0,0,0,Dry,0,4,0,Passive Control,0,0,0
5602,Non-Fatal Injury,Yes,,Yes,Yes,2009-11-26T00:00:00,,Scarborough,Failed to Yield Right of Way,,126,6,East,None,70 to 74,Dark,Mid-Block,Going Ahead,0,0,0,Wet,0,4,0,No Control,0,0,5
5603,Fatal,Yes,,Yes,,2009-09-19T00:00:00,,Scarborough,Driving Properly,,119,14,East,None,30 to 34,Daylight,Intersection,Going Ahead,0,0,0,Dry,0,4,0,Passive Control,0,0,0
5605,Non-Fatal Injury,Yes,,,,2009-11-02T00:00:00,,Toronto and East York,Failed to Yield Right of Way,,54,17,South,None,60 to 64,Dark,Intersection,Turning Left,0,0,0,Wet,0,4,0,Passive Control,0,0,5
5608,Non-Fatal Injury,Yes,,Yes,,2009-11-02T00:00:00,,Toronto and East York,Failed to Yield Right of Way,,89,18,South,Minor,40 to 44,Dark,Intersection,Turning Left,0,0,0,Wet,0,4,0,Passive Control,0,0,0
5609,Non-Fatal Injury,Yes,,Yes,,2009-11-02T00:00:00,,Toronto and East York,Driving Properly,,89,18,North,Major,55 to 59,Dark,Intersection,Going Ahead,0,0,0,Wet,0,4,0,Passive Control,0,0,0
5611,Fatal,Yes,,Yes,,2009-11-03T00:00:00,,Scarborough,Failed to Yield Right of Way,,138,14,West,None,50 to 54,Daylight,Intersection,Turning Left,0,0,0,Dry,0,4,0,Passive Control,0,0,0
5613,Non-Fatal Injury,,,Yes,,2009-11-05T00:00:00,,Etobicoke York,Driving Properly,,1,16,East,Minimal,40 to 44,Daylight,Mid-Block,Going Ahead,0,0,0,Dry,0,4,0,No Control,0,0,0
5614,Non-Fatal Injury,,,Yes,,2009-11-05T00:00:00,,Etobicoke York,Driving Properly,,1,16,East,Major,35 to 39,Daylight,Mid-Block,Going Ahead,0,0,0,Dry,0,4,0,No Control,0,0,0
5617,Non-Fatal Injury,,,Yes,,2009-11-05T00:00:00,,Etobicoke York,Driving Properly,,1,16,East,Minor,40 to 44,Daylight,Mid-Block,Going Ahead,0,0,0,Dry,0,4,0,No Control,0,0,0
5619,Non-Fatal Injury,,,Yes,,2009-11-05T00:00:00,,Etobicoke York,Lost control,,1,16,West,Minor,20 to 24,Daylight,Mid-Block,Going Ahead,0,0,0,Dry,0,4,0,No Control,0,0,0
5621,Non-Fatal Injury,,,,Yes,2009-11-06T00:00:00,,Etobicoke York,Improper Turn,,27,6,South,None,25 to 29,Dark,Mid-Block,Turning Left,0,0,0,Dry,0,4,0,No Control,0,0,0
5622,Non-Fatal Injury,,,,Yes,2009-11-06T00:00:00,,Etobicoke York,Driving Properly,,27,6,North,Major,55 to 59,Dark,Mid-Block,Going Ahead,0,0,0,Dry,0,4,0,No Control,0,0,0
5623,Non-Fatal Injury,Yes,,Yes,Yes,2009-11-06T00:00:00,,Toronto and East York,Improper Passing,,76,10,West,Major,35 to 39,Daylight,Mid-Block,Overtaking,0,0,0,Dry,0,0,0,No Control,0,0,0
5624,Non-Fatal Injury,Yes,,Yes,Yes,2009-11-06T00:00:00,,Toronto and East York,Failed to Yield Right of Way,,76,10,West,None,55 to 59,Daylight,Mid-Block,Pulling Away from Shoulder or Curb,0,0,0,Dry,0,0,0,No Control,0,0,0
5626,Non-Fatal Injury,Yes,,Yes,,2009-11-07T00:00:00,,Toronto and East York,Lost control,,98,4,South,Major,20 to 24,Dark,Intersection,Going Ahead,0,0,0,Dry,0,4,0,No Control,0,0,0
5628,Non-Fatal Injury,Yes,,Yes,,2009-11-07T00:00:00,,Scarborough,Failed to Yield Right of Way,,130,7,South,None,25 to 29,Daylight,Intersection,Turning Left,0,0,0,Dry,0,4,0,Passive Control,0,0,0
5633,Non-Fatal Injury,,,Yes,,2009-11-08T00:00:00,,Toronto and East York,Driving Properly,,77,10,South,None,25 to 29,Daylight,Mid-Block,Going Ahead,0,0,0,Dry,0,0,0,No Control,0,0,0
5635,Non-Fatal Injury,,,,,2009-11-09T00:00:00,,Toronto and East York,Driving Properly,,64,6,West,None,60 to 64,Dark,Intersection,Going Ahead,0,0,0,Dry,0,4,0,No Control,0,0,0
5640,Non-Fatal Injury,Yes,,Yes,Yes,2009-11-10T00:00:00,,Toronto and East York,Failed to Yield Right of Way,,86,14,South,None,50 to 54,Daylight,Intersection,Going Ahead,0,0,0,Dry,0,3,0,Passive Control,0,0,0
5642,Non-Fatal Injury,Yes,,Yes,,2009-11-11T00:00:00,,Etobicoke York,Driving Properly,,1,13,North,Major,50 to 54,Daylight,Intersection,Turning Right,0,0,0,Dry,0,4,0,Passive Control,0,0,0
5643,Non-Fatal Injury,Yes,,Yes,,2009-11-11T00:00:00,,Etobicoke York,Following too Close,,1,13,North,Major,55 to 59,Daylight,Intersection,Turning Right,0,0,0,Dry,0,4,0,Passive Control,0,0,0
5645,Fatal,,,Yes,,2009-11-12T00:00:00,,Scarborough,Driving Properly,,126,17,North,None,35 to 39,Dusk,Intersection,Going Ahead,0,0,0,Dry,0,4,0,No Control,0,0,0
5648,Non-Fatal Injury,Yes,,Yes,,2009-11-13T00:00:00,,Scarborough,Failed to Yield Right of Way,,132,14,East,None,35 to 39,Daylight,Intersection,Turning Left,0,0,0,Dry,0,5,0,Passive Control,0,0,0
5650,Non-Fatal Injury,,,Yes,,2009-11-13T00:00:00,,Toronto and East York,Driving Properly,,80,15,West,Major,45 to 49,Daylight,Intersection,Stopped,0,0,0,Dry,0,5,0,Passive Control,0,0,0
5651,Non-Fatal Injury,,,Yes,,2009-11-13T00:00:00,,Toronto and East York,Improper Turn,,80,15,North,None,75 to 79,Daylight,Intersection,Turning Right,0,0,0,Dry,0,5,0,Passive Control,0,0,0
5656,Non-Fatal Injury,,,Yes,,2009-11-14T00:00:00,,Scarborough,Driving Properly,,118,17,North,None,60 to 64,Dark,Intersection,Going Ahead,0,0,0,Dry,0,4,0,Passive Control,0,0,0
5657,Non-Fatal Injury,,,Yes,,2009-11-14T00:00:00,,Scarborough,Improper Turn,,118,17,South,None,20 to 24,Dark,Intersection,Turning Left,0,0,0,Dry,0,4,0,Passive Control,0,0,0
5660,Non-Fatal Injury,,,Yes,,2009-11-14T00:00:00,,Scarborough,Lost control,,134,23,West,Major,30 to 34,Dark,Mid-Block,Going Ahead,0,0,0,Dry,0,5,0,No Control,0,0,0
5661,Non-Fatal Injury,Yes,,Yes,,2009-11-16T00:00:00,,Toronto and East York,Speed too Fast For Condition,,77,11,West,Major,40 to 44,Daylight,Mid-Block,Going Ahead,0,0,0,Dry,0,4,1,No Control,0,0,0
5662,Fatal,,,Yes,,2009-11-17T00:00:00,,North York,Driving Properly,,36,8,South,None,40 to 44,Daylight,Intersection,Turning Left,0,0,0,Dry,0,0,0,Passive Control,0,0,0
5663,Non-Fatal Injury,Yes,,Yes,,2009-11-16T00:00:00,,Toronto and East York,Driving Properly,,77,11,West,None,40 to 44,Daylight,Mid-Block,Changing Lanes,0,0,0,Dry,0,4,1,No Control,0,0,0
5665,Non-Fatal Injury,Yes,,Yes,,2009-11-16T00:00:00,,Etobicoke York,Failed to Yield Right of Way,,21,14,West,None,Unknown,Daylight,Intersection,Turning Left,0,0,0,Dry,0,4,0,Passive Control,0,0,0
5666,Non-Fatal Injury,,,Yes,,2009-11-16T00:00:00,,North York,Driving Properly,,39,17,South,None,45 to 49,Dusk,Intersection,Slowing or Stopping,0,0,0,Dry,0,4,0,No Control,0,0,0
5668,Non-Fatal Injury,Yes,,Yes,,2009-11-16T00:00:00,,Scarborough,Failed to Yield Right of Way,,127,21,East,None,25 to 29,Dark,Intersection,Turning Left,0,0,0,Dry,0,4,0,Passive Control,0,0,0
5670,Non-Fatal Injury,Yes,,Yes,,2009-11-17T00:00:00,,North York,Failed to Yield Right of Way,,108,16,South,None,75 to 79,Daylight,Mid-Block,Going Ahead,0,0,0,Dry,0,0,0,No Control,0,0,0
5672,Non-Fatal Injury,Yes,,Yes,Yes,2009-11-18T00:00:00,,Toronto and East York,Failed to Yield Right of Way,,79,10,East,None,30 to 34,Daylight,Mid-Block,Turning Right,0,0,0,Dry,0,4,0,No Control,0,0,0
5674,Non-Fatal Injury,,,Yes,,2009-11-19T00:00:00,,Etobicoke York,Driving Properly,,30,12,East,None,60 to 64,Daylight,Intersection,Going Ahead,0,0,0,Wet,0,4,0,Passive Control,0,0,5
5677,Non-Fatal Injury,Yes,,Yes,,2009-11-20T00:00:00,,Etobicoke York,Failed to Yield Right of Way,,14,18,North,None,55 to 59,Dark,Mid-Block,Turning Left,0,0,0,Dry,0,4,0,Passive Control,0,0,0
5678,Non-Fatal Injury,Yes,,Yes,Yes,2009-11-21T00:00:00,,Scarborough,Driving Properly,,122,17,North,Major,65 to 69,Dark,Mid-Block,Going Ahead,0,0,0,Dry,0,0,1,No Control,0,0,0
5679,Non-Fatal Injury,Yes,,Yes,Yes,2009-11-21T00:00:00,,Scarborough,Following too Close,,122,17,North,None,35 to 39,Dark,Mid-Block,Going Ahead,0,0,0,Dry,0,0,1,No Control,0,0,0
5681,Non-Fatal Injury,,,Yes,,2009-11-21T00:00:00,,Scarborough,Driving Properly,,138,17,North,None,25 to 29,Dark,Intersection,Going Ahead,0,0,0,Dry,0,4,0,No Control,0,0,0
5684,Fatal,,,Yes,,2009-11-24T00:00:00,,Scarborough,Driving Properly,,120,6,South,Minor,55 to 59,Dark,Intersection,Going Ahead,0,0,0,Wet,0,5,0,No Control,0,0,5
5687,Non-Fatal Injury,,,,,2009-10-05T00:00:00,,Scarborough,Driving Properly,,136,12,East,None,85 to 89,Daylight,Intersection,Going Ahead,0,0,0,Dry,0,4,0,Passive Control,0,0,0
5690,Non-Fatal Injury,Yes,,Yes,,2010-05-12T00:00:00,,Etobicoke York,Driving Properly,,17,14,West,None,15 to 19,Daylight,Mid-Block,Going Ahead,0,0,0,Dry,0,4,0,No Control,0,0,0
5692,Non-Fatal Injury,Yes,,Yes,,2009-10-05T00:00:00,,North York,Driving Properly,,40,16,North,Minimal,25 to 29,Daylight,Mid-Block,Stopped,0,0,0,Dry,0,4,0,No Control,0,0,0
5693,Non-Fatal Injury,Yes,,Yes,,2009-11-26T00:00:00,,Scarborough,Improper Turn,,117,15,East,Major,40 to 44,Daylight,Intersection,Making U Turn,0,0,0,Dry,0,0,0,Passive Control,0,0,0
5694,Fatal,Yes,,Yes,,2009-09-19T00:00:00,,Scarborough,Failed to Yield Right of Way,,119,14,North,Fatal,85 to 89,Daylight,Intersection,Turning Left,0,0,0,Dry,0,4,0,Passive Control,0,0,0
5696,Non-Fatal Injury,Yes,,Yes,,2009-11-26T00:00:00,,Scarborough,Following too Close,,117,15,East,Major,35 to 39,Daylight,Intersection,Going Ahead,0,0,0,Dry,0,0,0,Passive Control,0,0,0
5697,Non-Fatal Injury,Yes,,Yes,,2009-09-19T00:00:00,,Toronto and East York,Failed to Yield Right of Way,,62,20,North,None,20 to 24,Dark,Intersection,Turning Left,0,0,0,Dry,0,4,1,Passive Control,0,0,0
5698,Non-Fatal Injury,Yes,,Yes,,2010-05-12T00:00:00,,Etobicoke York,Lost control,,17,14,West,Major,35 to 39,Daylight,Mid-Block,Changing Lanes,0,0,0,Dry,0,4,0,No Control,0,0,0
5700,Non-Fatal Injury,Yes,,Yes,Yes,2010-05-13T00:00:00,,Toronto and East York,Failed to Yield Right of Way,,95,8,West,None,50 to 54,Daylight,Intersection,Turning Left,0,0,0,Dry,0,4,0,Passive Control,0,0,0
5701,Non-Fatal Injury,Yes,,Yes,,2009-10-05T00:00:00,,North York,Following too Close,,40,16,North,None,30 to 34,Daylight,Mid-Block,Going Ahead,0,0,0,Dry,0,4,0,No Control,0,0,0
5702,Non-Fatal Injury,,,Yes,,2009-11-27T00:00:00,,Scarborough,Driving Properly,,137,6,South,None,60 to 64,Daylight,Intersection,Going Ahead,0,0,0,Dry,0,4,0,Passive Control,0,0,0
5703,Non-Fatal Injury,Yes,,Yes,,2009-09-19T00:00:00,,North York,Failed to Yield Right of Way,,53,23,South,None,Unknown,Dark,Intersection,Going Ahead,0,0,0,Dry,0,4,0,Passive Control,0,0,0
5704,Non-Fatal Injury,Yes,,Yes,,2009-10-05T00:00:00,,North York,Driving Properly,,40,16,North,Major,40 to 44,Daylight,Mid-Block,Stopped,0,0,0,Dry,0,4,0,No Control,0,0,0
5708,Fatal,,,Yes,,2010-05-13T00:00:00,,Toronto and East York,Driving Properly,,83,11,West,None,25 to 29,Daylight,Mid-Block,Going Ahead,0,0,0,Dry,0,5,0,No Control,0,0,0
5710,Non-Fatal Injury,Yes,,Yes,,2010-05-13T00:00:00,,Scarborough,Failed to Yield Right of Way,,135,13,East,Minor,55 to 59,Daylight,Intersection,Turning Left,0,0,0,Wet,0,4,1,Passive Control,0,0,5
5711,Non-Fatal Injury,Yes,,Yes,,2010-05-13T00:00:00,,Scarborough,Driving Properly,,135,13,West,Major,40 to 44,Daylight,Intersection,Going Ahead,0,0,0,Wet,0,4,1,Passive Control,0,0,5
5713,Non-Fatal Injury,Yes,,Yes,,2010-05-13T00:00:00,,Toronto and East York,Failed to Yield Right of Way,,58,21,North,None,75 to 79,Dark,Intersection,Turning Right,0,0,0,Wet,0,4,0,Passive Control,0,0,5
5715,Non-Fatal Injury,,,Yes,,2010-05-14T00:00:00,,Etobicoke York,Driving Properly,,17,13,West,Minimal,75 to 79,Daylight,Mid-Block,Going Ahead,0,0,0,Dry,0,5,0,No Control,0,0,0
5717,Non-Fatal Injury,Yes,,Yes,,2010-05-17T00:00:00,,North York,Driving Properly,,26,13,South,Minimal,60 to 64,Daylight,Intersection,Slowing or Stopping,0,0,0,Dry,0,4,1,Passive Control,0,0,0