,ACCLASS,AG_DRIV,ALCOHOL,AUTOMOBILE,CYCLIST,DATE,DISABILITY,DISTRICT,DRIVACT,EMERG_VEH,HOOD_ID,HOUR,INITDIR,INJURY,INVAGE,LIGHT,LOCCOORD,MANOEUVER,MOTORCYCLE,PASSENGER,PEDESTRIAN,RDSFCOND,REDLIGHT,ROAD_CLASS,SPEEDING,TRAFFCTL,TRSN_CITY_VEH,TRUCK,VISIBILITY
6975,Non-Fatal Injury,Yes,Yes,Yes,,2010-07-09T00:00:00,,Etobicoke York,Driving Properly,,23,6,East,Major,50 to 54,Daylight,Mid-Block,Going Ahead,0,0,0,Wet,0,4,1,No Control,0,0,5
6976,Non-Fatal Injury,Yes,Yes,Yes,,2010-07-09T00:00:00,,Etobicoke York,Exceeding Speed Limit,,23,6,West,Minor,25 to 29,Daylight,Mid-Block,Going Ahead,0,0,0,Wet,0,4,1,No Control,0,0,5
6978,Non-Fatal Injury,,,Yes,,2010-07-09T00:00:00,,Toronto and East York,Driving Properly,,62,15,East,Minor,30 to 34,Daylight,Intersection,Going Ahead,0,0,0,Dry,0,4,0,Passive Control,0,0,0
6979,Non-Fatal Injury,,,Yes,,2010-07-09T00:00:00,,Toronto and East York,Improper Turn,,62,15,North,Major,25 to 29,Daylight,Intersection,Turning Left,0,0,0,Dry,0,4,0,Passive Control,0,0,0
6980,Non-Fatal Injury,Yes,,Yes,,2010-07-09T00:00:00,,Scarborough,Failed to Yield Right of Way,,131,19,North,None,15 to 19,Daylight,Intersection,Turning Left,0,0,0,Dry,0,4,0,Passive Control,0,0,0
6982,Non-Fatal Injury,Yes,,Yes,,2010-07-09T00:00:00,,Scarborough,Driving Properly,,131,19,South,Major,40 to 44,Daylight,Intersection,Going Ahead,0,0,0,Dry,0,4,0,Passive Control,0,0,0
6984,Non-Fatal Injury,,,Yes,Yes,2010-07-09T00:00:00,,Toronto and East York,Other,,70,21,North,None,45 to 49,Dark,Mid-Block,Parked,0,0,0,Dry,0,5,0,No Control,0,0,0
6987,Non-Fatal Injury,,,Yes,Yes,2010-07-09T00:00:00,,Toronto and East York,,,70,21,North,None,15 to 19,Dark,Mid-Block,,0,0,0,Dry,0,5,0,No Control,0,0,0
6990,Non-Fatal Injury,,Yes,Yes,,2010-07-10T00:00:00,,Etobicoke York,Lost control,,14,3,South,None,25 to 29,Dark,Intersection,Going Ahead,0,0,0,Dry,0,4,0,No Control,0,0,0
6993,Non-Fatal Injury,,,,,2010-07-10T00:00:00,,Toronto and East York,Driving Properly,,107,19,North,None,40 to 44,Daylight,Mid-Block,Going Ahead,0,0,0,Dry,0,4,0,No Control,1,0,0
6995,Non-Fatal Injury,Yes,,Yes,,2010-07-11T00:00:00,,Scarborough,Failed to Yield Right of Way,,131,19,North,None,50 to 54,Daylight,Intersection,Turning Left,0,0,0,Dry,0,4,0,Passive Control,0,0,0
6997,Non-Fatal Injury,Yes,,Yes,,2010-07-12T00:00:00,,Scarborough,Exceeding Speed Limit,,137,1,East,Major,20 to 24,Dark,Intersection,Going Ahead,0,0,0,Dry,0,4,1,Passive Control,0,0,0
6999,Non-Fatal Injury,,,Yes,,2010-07-12T00:00:00,,Scarborough,Other,,129,18,West,None,15 to 19,Daylight,Mid-Block,Reversing,0,0,0,Dry,0,0,0,No Control,0,0,0
7001,Non-Fatal Injury,,,,,2010-07-13T00:00:00,,Toronto and East York,Lost control,,70,10,West,Major,30 to 34,Daylight,Mid-Block,Going Ahead,0,0,0,Dry,0,0,0,No Control,0,1,0
7002,Non-Fatal Injury,,,Yes,,2010-07-13T00:00:00,,North York,Driving Properly,,55,18,East,Minor,30 to 34,Daylight,Intersection,Stopped,0,0,0,Dry,0,4,0,Passive Control,0,0,0
7003,Non-Fatal Injury,,,Yes,,2010-07-13T00:00:00,,North York,Driving Properly,,55,18,East,Minor,35 to 39,Daylight,Intersection,Stopped,0,0,0,Dry,0,4,0,Passive Control,0,0,0
7005,Non-Fatal Injury,,,Yes,,2010-07-13T00:00:00,,North York,Driving Properly,,55,18,West,Major,50 to 54,Daylight,Intersection,Stopped,0,0,0,Dry,0,4,0,Passive Control,0,0,0
7006,Non-Fatal Injury,,,Yes,,2010-07-13T00:00:00,,North York,Driving Properly,,55,18,West,None,20 to 24,Daylight,Intersection,Stopped,0,0,0,Dry,0,4,0,Passive Control,0,0,0
7008,Non-Fatal Injury,,,Yes,,2010-07-13T00:00:00,,North York,Lost control,,55,18,East,Minimal,20 to 24,Daylight,Intersection,Going Ahead,0,0,0,Dry,0,4,0,Passive Control,0,0,0
7009,Fatal,Yes,,Yes,,2010-07-13T00:00:00,,Etobicoke York,Driving Properly,,1,20,West,None,40 to 44,Dark,Intersection,Going Ahead,0,0,0,Dry,0,4,0,Passive Control,0,1,0
7011,Fatal,Yes,,Yes,,2010-07-13T00:00:00,,Etobicoke York,Disobeyed Traffic Control,,1,20,South,Fatal,65 to 69,Dark,Intersection,Going Ahead,0,0,0,Dry,0,4,0,Passive Control,0,1,0
7016,Non-Fatal Injury,,,,,2010-07-16T00:00:00,,Toronto and East York,Driving Properly,,78,10,South,None,40 to 44,Daylight,Intersection,Going Ahead,0,0,0,Dry,0,4,0,Passive Control,1,0,0
7017,Fatal,Yes,,Yes,,2010-07-16T00:00:00,,Toronto and East York,Improper Turn,,89,16,South,Major,75 to 79,Daylight,Intersection,Turning Left,0,0,0,Dry,0,4,0,Passive Control,1,0,0
7020,Non-Fatal Injury,,,Yes,,2011-05-22T00:00:00,,Toronto and East York,Driving Properly,,59,20,East,None,55 to 59,Dark,Mid-Block,Going Ahead,0,0,0,Dry,0,3,0,No Control,0,0,0
7022,Fatal,Yes,,Yes,,2011-07-24T00:00:00,,Scarborough,,,136,13,West,None,40 to 44,Daylight,Intersection,Stopped,0,0,0,Dry,0,4,0,Passive Control,0,0,0
7025,Non-Fatal Injury,Yes,,Yes,,2011-07-27T00:00:00,,North York,Failed to Yield Right of Way,,51,9,South,None,65 to 69,Daylight,Intersection,Turning Left,0,0,0,Dry,0,4,0,Passive Control,0,0,0
7026,Fatal,,,Yes,,2011-08-22T00:00:00,,Etobicoke York,Lost control,,9,5,North,Fatal,50 to 54,Dark,Intersection,Going Ahead,0,0,0,Dry,0,5,0,No Control,0,0,0
7029,Non-Fatal Injury,Yes,,Yes,,2011-05-23T00:00:00,,North York,Driving Properly,,118,11,North,None,35 to 39,Daylight,Intersection,Going Ahead,0,0,0,Dry,0,4,0,Passive Control,0,0,0
7030,Non-Fatal Injury,Yes,,Yes,,2011-05-23T00:00:00,,North York,Driving Properly,,118,11,North,None,25 to 29,Daylight,Intersection,Going Ahead,0,0,0,Dry,0,4,0,Passive Control,0,0,0
7031,Non-Fatal Injury,Yes,,Yes,,2011-05-23T00:00:00,,North York,Disobeyed Traffic Control,,118,11,West,Major,45 to 49,Daylight,Intersection,Going Ahead,0,0,0,Dry,0,4,0,Passive Control,0,0,0
7034,Non-Fatal Injury,,,Yes,,2011-05-23T00:00:00,,Etobicoke York,Driving Properly,,3,13,North,None,35 to 39,Daylight,Intersection,Going Ahead,0,0,0,Dry,0,4,0,Passive Control,0,0,0
7036,Non-Fatal Injury,Yes,,Yes,,2011-05-24T00:00:00,,Scarborough,Failed to Yield Right of Way,,120,19,South,None,25 to 29,Daylight,Mid-Block,Turning Right,0,0,0,Dry,0,3,0,No Control,0,0,0
7038,Non-Fatal Injury,Yes,,Yes,,2011-05-29T00:00:00,,Scarborough,Following too Close,,118,14,East,Major,30 to 34,Daylight,Mid-Block,Slowing or Stopping,0,0,0,Dry,0,4,0,No Control,0,0,0
7039,Non-Fatal Injury,Yes,,Yes,,2011-05-29T00:00:00,,Scarborough,Driving Properly,,118,14,East,Minimal,35 to 39,Daylight,Mid-Block,Stopped,0,0,0,Dry,0,4,0,No Control,0,0,0
7043,Non-Fatal Injury,,,Yes,,2011-05-30T00:00:00,,Scarborough,Driving Properly,,127,7,North,None,55 to 59,Daylight,Mid-Block,Going Ahead,0,0,0,Dry,0,4,0,No Control,0,0,0
7046,Non-Fatal Injury,,,,,2011-06-01T00:00:00,,Toronto and East York,Driving Properly,,82,16,East,Major,50 to 54,Daylight,Mid-Block,Going Ahead,0,0,0,Dry,0,4,0,No Control,0,0,0
7049,Non-Fatal Injury,,,Yes,,2011-06-01T00:00:00,,Toronto and East York,Driving Properly,,77,19,East,Major,30 to 34,Daylight,Intersection,Going Ahead,0,0,0,Dry,0,0,0,Passive Control,0,0,0
7050,Non-Fatal Injury,,,Yes,,2011-06-01T00:00:00,,Toronto and East York,Other,,77,19,West,None,Unknown,Daylight,Intersection,Overtaking,0,0,0,Dry,0,0,0,Passive Control,0,0,0
7052,Non-Fatal Injury,,,Yes,,2011-06-03T00:00:00,,Etobicoke York,Lost control,,1,7,East,Major,30 to 34,Daylight,Mid-Block,Going Ahead,0,0,0,Dry,0,0,0,No Control,0,1,0
7053,Non-Fatal Injury,,,Yes,,2011-06-03T00:00:00,,Etobicoke York,Driving Properly,,1,7,West,Minor,40 to 44,Daylight,Mid-Block,Going Ahead,0,0,0,Dry,0,0,0,No Control,0,1,0
7056,Non-Fatal Injury,,,Yes,,2011-06-04T00:00:00,,Toronto and East York,Other,,104,13,North,None,35 to 39,Daylight,Intersection,Reversing,0,0,0,Dry,0,4,0,No Control,0,0,0
7058,Non-Fatal Injury,,,Yes,Yes,2011-06-05T00:00:00,,Toronto and East York,Driving Properly,,82,12,East,None,35 to 39,Daylight,Intersection,Stopped,0,0,0,Dry,0,5,0,Passive Control,0,0,0
7059,Non-Fatal Injury,Yes,,Yes,,2011-10-07T00:00:00,,Etobicoke York,Failed to Yield Right of Way,,5,0,West,None,50 to 54,Dark,Intersection,Turning Left,0,0,0,Dry,0,4,0,Passive Control,0,0,0
7061,Non-Fatal Injury,Yes,,Yes,,2011-06-05T00:00:00,,North York,Driving Properly,,50,12,East,Minor,80 to 84,Daylight,Intersection,Going Ahead,0,0,0,Dry,0,4,0,Passive Control,0,0,0
7063,Non-Fatal Injury,Yes,,Yes,,2011-06-05T00:00:00,,North York,Disobeyed Traffic Control,,50,12,North,Major,25 to 29,Daylight,Intersection,Going Ahead,0,0,0,Dry,0,4,0,Passive Control,0,0,0
7065,Non-Fatal Injury,Yes,,,,2011-06-05T00:00:00,,North York,Exceeding Speed Limit,,40,13,North,Minor,25 to 29,Daylight,Mid-Block,Other,0,0,0,Dry,0,4,1,No Control,0,0,0
7067,Non-Fatal Injury,,,Yes,Yes,2011-06-08T00:00:00,,Etobicoke York,Improper Turn,,24,17,South,None,45 to 49,Daylight,Intersection,Turning Right,0,0,0,Dry,0,4,0,Passive Control,0,0,0
7071,Non-Fatal Injury,Yes,,Yes,,2011-06-08T00:00:00,,North York,Driving Properly,,34,23,East,Minor,25 to 29,Dark,Intersection,Going Ahead,0,0,0,Dry,0,4,0,Passive Control,0,0,0
7072,Non-Fatal Injury,Yes,,Yes,,2011-06-08T00:00:00,,North York,Disobeyed Traffic Control,,34,23,North,Minimal,40 to 44,Dark,Intersection,Going Ahead,0,0,0,Dry,0,4,0,Passive Control,0,0,0
7073,Non-Fatal Injury,Yes,,Yes,,2011-06-10T00:00:00,,North York,Driving Properly,,37,18,North,Minimal,85 to 89,Daylight,Intersection,Going Ahead,0,0,0,Dry,0,5,0,Passive Control,0,0,0
7074,Non-Fatal Injury,,,Yes,,2011-06-09T00:00:00,,North York,Driving Properly,,119,3,South,None,70 to 74,Dark,Intersection,Going Ahead,0,0,0,Dry,0,4,0,No Control,0,0,0
7076,Non-Fatal Injury,,,Yes,,2011-06-09T00:00:00,,Toronto and East York,Other,,98,16,Unknown,None,Unknown,Daylight,Intersection,Going Ahead,0,0,0,Dry,0,4,0,Passive Control,0,0,0
7078,Non-Fatal Injury,Yes,,Yes,,2011-06-10T00:00:00,,North York,Improper Turn,,37,18,West,None,35 to 39,Daylight,Intersection,Turning Left,0,0,0,Dry,0,5,0,Passive Control,0,0,0
7080,Fatal,,,Yes,,2011-06-11T00:00:00,,North York,Other,,36,13,South,None,50 to 54,Daylight,Intersection,Other,0,0,0,Dry,0,4,0,No Control,0,0,0
7082,Non-Fatal Injury,,,Yes,Yes,2011-06-13T00:00:00,,Toronto and East York,Other,,75,20,North,None,30 to 34,Dark,Intersection,Parked,0,0,0,Dry,0,5,0,No Control,0,0,0
7084,Non-Fatal Injury,,,Yes,,2011-06-14T00:00:00,,North York,Improper Lane Change,,100,13,West,None,25 to 29,Daylight,Intersection,Changing Lanes,0,0,0,Dry,0,4,0,No Control,0,0,0
7085,Non-Fatal Injury,,,Yes,,2011-06-14T00:00:00,,North York,Driving Properly,,100,13,West,Major,25 to 29,Daylight,Intersection,Going Ahead,0,0,0,Dry,0,4,0,No Control,0,0,0
7087,Non-Fatal Injury,,,Yes,,2011-06-14T00:00:00,,Scarborough,Other,,131,22,North,None,15 to 19,Dark,Mid-Block,Going Ahead,0,0,0,Dry,0,3,0,No Control,0,0,0
7088,Non-Fatal Injury,,,Yes,,2011-06-15T00:00:00,,Toronto and East York,Lost control,,77,0,East,Major,25 to 29,Dark,Mid-Block,Going Ahead,0,0,0,Dry,0,4,0,No Control,0,0,0
7091,Non-Fatal Injury,,,Yes,Yes,2011-06-15T00:00:00,,Toronto and East York,Improper Turn,,93,14,West,None,75 to 79,Daylight,Intersection,Turning Right,0,0,0,Dry,0,4,0,No Control,0,0,0
7092,Non-Fatal Injury,,,Yes,Yes,2011-06-15T00:00:00,,Toronto and East York,,,93,14,West,Major,35 to 39,Daylight,Intersection,Going Ahead,0,0,0,Dry,0,4,0,No Control,0,0,0
7094,Non-Fatal Injury,Yes,,Yes,Yes,2011-06-16T00:00:00,,North York,Failed to Yield Right of Way,,39,12,South,None,Unknown,Daylight,Intersection,Turning Left,0,0,0,Dry,0,4,0,Passive Control,0,0,0
7096,Fatal,Yes,,Yes,,2011-06-17T00:00:00,,North York,Failed to Yield Right of Way,,50,14,West,None,25 to 29,Daylight,Intersection,Going Ahead,0,0,0,Dry,0,4,0,Passive Control,0,0,0
7100,Non-Fatal Injury,,,Yes,,2011-06-19T00:00:00,,Toronto and East York,Lost control,,96,12,East,Minor,45 to 49,Daylight,Intersection,Turning Right,0,0,0,Dry,0,5,0,Passive Control,0,0,0
7102,Non-Fatal Injury,Yes,,Yes,,2011-06-21T00:00:00,,North York,Lost control,,51,1,South,Major,25 to 29,Dark,Mid-Block,Going Ahead,0,0,0,Dry,0,4,0,No Control,0,0,0
7104,Non-Fatal Injury,,,,,2011-06-22T00:00:00,,Toronto and East York,Lost control,,70,17,East,Major,50 to 54,Daylight,Intersection,Going Ahead,0,0,0,Dry,0,5,0,No Control,0,0,0
7107,Non-Fatal Injury,,,,Yes,2011-06-24T00:00:00,,Toronto and East York,Driving Properly,,85,9,South,None,30 to 34,Daylight,Intersection,Going Ahead,0,0,0,Wet,0,5,0,Passive Control,1,0,5
7109,Non-Fatal Injury,Yes,,Yes,,2011-06-26T00:00:00,,North York,Driving Properly,,55,19,North,None,40 to 44,Daylight,Intersection,Stopped,0,0,0,Dry,0,4,0,Passive Control,0,0,0
7110,Non-Fatal Injury,Yes,,Yes,,2011-06-26T00:00:00,,North York,Driving Properly,,55,19,East,Major,45 to 49,Daylight,Intersection,Going Ahead,0,0,0,Dry,0,4,0,Passive Control,0,0,0
7112,Non-Fatal Injury,Yes,,Yes,,2011-06-26T00:00:00,,North York,Driving Properly,,55,19,North,None,35 to 39,Daylight,Intersection,Stopped,0,0,0,Dry,0,4,0,Passive Control,0,0,0
7114,Non-Fatal Injury,Yes,,Yes,,2011-06-26T00:00:00,,North York,Improper Turn,,55,19,West,None,20 to 24,Daylight,Intersection,Turning Left,0,0,0,Dry,0,4,0,Passive Control,0,0,0
7117,Non-Fatal Injury,Yes,,Yes,,2011-06-26T00:00:00,,Etobicoke York,Driving Properly,,21,22,West,Minor,35 to 39,Dark,Intersection,Going Ahead,0,0,0,Dry,0,4,1,Passive Control,0,0,0
7119,Non-Fatal Injury,Yes,,Yes,,2011-06-26T00:00:00,,Etobicoke York,Speed too Fast For Condition,,21,22,West,None,35 to 39,Dark,Intersection,Going Ahead,0,0,0,Dry,0,4,1,Passive Control,0,0,0
7121,Non-Fatal Injury,Yes,,Yes,,2011-06-26T00:00:00,,Etobicoke York,Driving Properly,,21,22,West,Minimal,55 to 59,Dark,Intersection,Going Ahead,0,0,0,Dry,0,4,1,Passive Control,0,0,0
7122,Non-Fatal Injury,,,Yes,,2011-06-27T00:00:00,,North York,Driving Properly,,27,22,South,None,60 to 64,Dark,Mid-Block,Going Ahead,0,0,0,Dry,0,4,0,No Control,0,0,0
7125,Non-Fatal Injury,,,Yes,,2011-06-28T00:00:00,,Etobicoke York,Lost control,,2,9,West,Major,20 to 24,Daylight,Mid-Block,Going Ahead,0,0,0,Dry,0,4,0,No Control,0,0,0
7128,Non-Fatal Injury,Yes,Yes,Yes,,2011-12-31T00:00:00,,North York,Failed to Yield Right of Way,,119,14,North,None,50 to 54,Daylight,Intersection,Turning Left,0,0,0,Wet,0,4,0,Passive Control,0,0,0
7129,Fatal,Yes,,Yes,,2011-09-12T00:00:00,,Etobicoke York,Exceeding Speed Limit,,1,13,East,Fatal,20 to 24,Daylight,Mid-Block,Going Ahead,0,0,0,Dry,0,4,1,No Control,0,0,0
7131,Non-Fatal Injury,Yes,,Yes,,2011-10-31T00:00:00,,Etobicoke York,Driving Properly,,18,11,East,Major,55 to 59,Daylight,Intersection,Going Ahead,0,0,0,Dry,0,4,0,Passive Control,0,0,0
7134,Non-Fatal Injury,Yes,,Yes,,2011-10-31T00:00:00,,Etobicoke York,Failed to Yield Right of Way,,18,11,North,Minor,75 to 79,Daylight,Intersection,Turning Left,0,0,0,Dry,0,4,0,Passive Control,0,0,0
7136,Non-Fatal Injury,,,Yes,,2011-11-26T00:00:00,,North York,Driving Properly,,99,12,West,None,45 to 49,Daylight,Intersection,Going Ahead,0,0,0,Dry,0,4,0,Passive Control,0,0,0
7137,Non-Fatal Injury,,,Yes,,2011-06-28T00:00:00,,Etobicoke York,Driving Properly,,2,9,East,None,65 to 69,Daylight,Mid-Block,Going Ahead,0,0,0,Dry,0,4,0,No Control,0,0,0
7138,Non-Fatal Injury,Yes,,Yes,,2012-02-08T00:00:00,,Toronto and East York,Improper Turn,,70,13,South,Minimal,40 to 44,Daylight,Intersection,Turning Left,0,0,0,Dry,0,5,0,Passive Control,0,0,0
7139,Non-Fatal Injury,,,Yes,,2011-09-13T00:00:00,,Toronto and East York,,,60,13,Unknown,None,50 to 54,Daylight,Intersection,Going Ahead,0,0,0,Dry,0,5,0,Passive Control,0,0,0
7141,Non-Fatal Injury,Yes,Yes,Yes,,2011-12-31T00:00:00,,North York,Driving Properly,,119,14,South,Major,30 to 34,Daylight,Intersection,Going Ahead,0,0,0,Wet,0,4,0,Passive Control,0,0,0
7144,Non-Fatal Injury,Yes,,Yes,,2011-08-23T00:00:00,Yes,Scarborough,Driving Properly,,137,10,West,Minimal,45 to 49,Daylight,Intersection,Going Ahead,0,0,0,Dry,0,4,0,Passive Control,0,0,0
7145,Non-Fatal Injury,Yes,,Yes,,2011-08-23T00:00:00,Yes,Scarborough,Disobeyed Traffic Control,,137,10,South,Major,75 to 79,Daylight,Intersection,Going Ahead,0,0,0,Dry,0,4,0,Passive Control,0,0,0
7146,Non-Fatal Injury,Yes,,Yes,,2011-08-23T00:00:00,Yes,Scarborough,Driving Properly,,137,10,East,Minimal,60 to 64,Daylight,Intersection,Going Ahead,0,0,0,Dry,0,4,0,Passive Control,0,0,0
7147,Non-Fatal Injury,Yes,,Yes,,2011-08-23T00:00:00,Yes,Scarborough,Driving Properly,,137,10,West,Minimal,60 to 64,Daylight,Intersection,Going Ahead,0,0,0,Dry,0,4,0,Passive Control,0,0,0
7149,Non-Fatal Injury,Yes,,,,2011-08-23T00:00:00,,Etobicoke York,Lost control,,113,17,West,Major,20 to 24,"Daylight, artificial",Intersection,Going Ahead,0,0,0,Dry,0,3,1,No Control,0,0,0
7151,Non-Fatal Injury,,,Yes,,2011-08-23T00:00:00,,North York,,,51,19,Unknown,None,25 to 29,Daylight,Intersection,Turning Left,0,0,0,Dry,0,5,0,Passive Control,0,0,0
7152,Non-Fatal Injury,,,Yes,,2011-07-27T00:00:00,,North York,Driving Properly,,52,16,North,Major,60 to 64,Daylight,Mid-Block,Going Ahead,0,0,0,Dry,0,4,0,No Control,0,0,0
7154,Non-Fatal Injury,,,Yes,,2011-08-23T00:00:00,,North York,Driving Properly,,51,19,East,None,20 to 24,Dusk,Intersection,Turning Left,0,0,0,Dry,0,5,0,Passive Control,0,0,0
7156,Non-Fatal Injury,,,Yes,,2011-08-24T00:00:00,,Toronto and East York,Driving Properly,,81,16,West,Major,30 to 34,Daylight,Intersection,Going Ahead,0,0,0,Dry,0,4,0,No Control,0,0,0
7158,Non-Fatal Injury,,,Yes,,2011-08-24T00:00:00,,Toronto and East York,Improper Turn,,81,16,West,None,25 to 29,Daylight,Intersection,Turning Left,0,0,0,Dry,0,4,0,No Control,0,0,0
7159,Non-Fatal Injury,,,Yes,,2011-08-24T00:00:00,,Etobicoke York,Driving Properly,,15,18,West,Major,40 to 44,Daylight,Mid-Block,Going Ahead,0,0,0,Dry,0,4,0,No Control,0,0,0
7161,Non-Fatal Injury,,,Yes,,2011-08-24T00:00:00,,Etobicoke York,Other,,15,18,West,None,Unknown,Daylight,Mid-Block,Slowing or Stopping,0,0,0,Dry,0,4,0,No Control,0,0,0
7163,Non-Fatal Injury,Yes,,Yes,,2011-08-25T00:00:00,,Scarborough,Failed to Yield Right of Way,,130,8,East,None,45 to 49,Daylight,Intersection,Turning Right,0,0,0,Dry,0,4,0,Passive Control,0,0,0
7166,Non-Fatal Injury,,,Yes,Yes,2011-08-25T00:00:00,,Toronto and East York,Driving Properly,,97,19,North,None,40 to 44,Daylight,Intersection,Overtaking,0,0,0,Dry,0,3,0,No Control,0,0,0
7167,Fatal,Yes,,Yes,,2011-08-30T00:00:00,,North York,Driving Properly,,43,14,West,None,40 to 44,Daylight,Mid-Block,Slowing or Stopping,0,0,0,Dry,0,4,1,No Control,1,1,0
7169,Non-Fatal Injury,,,Yes,,2011-08-26T00:00:00,,Toronto and East York,Improper Lane Change,,77,19,East,None,40 to 44,Daylight,Mid-Block,Changing Lanes,0,0,0,Dry,0,4,0,No Control,0,0,0
7170,Non-Fatal Injury,,,Yes,,2011-08-26T00:00:00,,Toronto and East York,Driving Properly,,77,19,East,Major,45 to 49,Daylight,Mid-Block,Going Ahead,0,0,0,Dry,0,4,0,No Control,0,0,0
7171,Non-Fatal Injury,,,,,2011-08-28T00:00:00,,Scarborough,Driving Properly,,120,16,North,Major,25 to 29,Daylight,Intersection,Going Ahead,0,0,0,Dry,0,4,0,Passive Control,0,0,0
7172,Non-Fatal Injury,Yes,,Yes,,2011-08-29T00:00:00,,Toronto and East York,Following too Close,,70,19,South,Major,25 to 29,Daylight,Mid-Block,Going Ahead,0,0,0,Dry,0,3,0,No Control,0,0,0
7173,Non-Fatal Injury,Yes,,Yes,,2011-08-29T00:00:00,,Toronto and East York,Driving Properly,,70,19,South,None,45 to 49,Daylight,Mid-Block,Going Ahead,0,0,0,Dry,0,3,0,No Control,0,0,0
7174,Fatal,Yes,,Yes,,2011-08-30T00:00:00,,North York,Driving Properly,,43,14,West,None,45 to 49,Daylight,Mid-Block,Going Ahead,0,0,0,Dry,0,4,1,No Control,1,1,0
7178,Fatal,Yes,,Yes,,2011-08-30T00:00:00,,North York,Exceeding Speed Limit,,43,14,West,None,50 to 54,Daylight,Mid-Block,Changing Lanes,0,0,0,Dry,0,4,1,No Control,1,1,0
7188,Non-Fatal Injury,Yes,,Yes,Yes,2011-08-30T00:00:00,,Toronto and East York,Other,,86,19,South,None,20 to 24,"Dark, artificial",Mid-Block,Parked,0,0,0,Dry,0,5,0,No Control,0,0,0
7190,Non-Fatal Injury,,,,Yes,2011-08-31T00:00:00,,Toronto and East York,Improper Turn,,90,9,West,None,60 to 64,Daylight,Intersection,Turning Right,0,0,0,Dry,0,4,0,Passive Control,0,1,0
7194,Non-Fatal Injury,Yes,,Yes,,2011-08-31T00:00:00,,Toronto and East York,Failed to Yield Right of Way,,76,18,West,None,40 to 44,Daylight,Intersection,Turning Left,0,0,0,Dry,0,5,0,Passive Control,0,0,0
7197,Fatal,Yes,,Yes,,2011-09-01T00:00:00,,Scarborough,Lost control,,129,15,South,Fatal,35 to 39,Daylight,Mid-Block,Going Ahead,0,0,0,Dry,0,4,1,No Control,0,0,0
7198,Non-Fatal Injury,Yes,,Yes,,2011-09-01T00:00:00,,Etobicoke York,Failed to Yield Right of Way,,11,20,North,None,55 to 59,Dark,Intersection,Turning Left,0,0,0,Dry,0,3,0,No Control,0,0,0
7201,Non-Fatal Injury,Yes,,Yes,,2011-09-02T00:00:00,,Etobicoke York,Driving Properly,,21,18,South,None,55 to 59,Daylight,Intersection,Going Ahead,0,0,0,Dry,0,4,0,Passive Control,0,0,0
7205,Non-Fatal Injury,Yes,,Yes,,2011-09-02T00:00:00,,Etobicoke York,Disobeyed Traffic Control,,21,18,West,Minimal,25 to 29,Daylight,Intersection,Going Ahead,0,0,0,Dry,0,4,0,Passive Control,0,0,0
7207,Non-Fatal Injury,Yes,,Yes,,2011-09-02T00:00:00,,Toronto and East York,Driving Properly,,93,19,East,Major,50 to 54,Dark,Intersection,Going Ahead,0,0,0,Dry,0,4,0,Passive Control,0,0,0
7209,Non-Fatal Injury,Yes,,Yes,,2011-09-02T00:00:00,,Toronto and East York,Disobeyed Traffic Control,,93,19,South,None,55 to 59,Dark,Intersection,Going Ahead,0,0,0,Dry,0,4,0,Passive Control,0,0,0
7210,Non-Fatal Injury,Yes,,Yes,,2011-09-02T00:00:00,,Toronto and East York,Driving Properly,,93,19,North,None,55 to 59,Dark,Intersection,Stopped,0,0,0,Dry,0,4,0,Passive Control,0,0,0
7211,Non-Fatal Injury,,,Yes,,2011-09-02T00:00:00,,Toronto and East York,Driving Properly,,70,20,West,Major,25 to 29,Dark,Intersection,Going Ahead,0,0,0,Wet,0,4,0,Passive Control,0,0,0
7212,Non-Fatal Injury,,,Yes,,2011-09-02T00:00:00,,Toronto and East York,Driving Properly,,70,20,South,None,30 to 34,Dark,Intersection,Stopped,0,0,0,Wet,0,4,0,Passive Control,0,0,0
7213,Non-Fatal Injury,,,Yes,,2011-09-02T00:00:00,,Toronto and East York,Improper Turn,,70,20,East,None,65 to 69,Dark,Intersection,Turning Left,0,0,0,Wet,0,4,0,Passive Control,0,0,0
7215,Non-Fatal Injury,,,,,2011-09-04T00:00:00,,Scarborough,Driving Properly,,129,10,North,None,50 to 54,Daylight,Mid-Block,Going Ahead,0,0,0,Dry,0,4,0,No Control,1,0,0
7219,Non-Fatal Injury,,,Yes,,2011-09-06T00:00:00,,Scarborough,Lost control,,129,15,North,Major,20 to 24,Daylight,Mid-Block,Going Ahead,0,0,0,Dry,0,4,0,No Control,0,0,0
7220,Non-Fatal Injury,,,,Yes,2011-09-08T00:00:00,,Toronto and East York,Driving Properly,,95,9,East,None,45 to 49,Daylight,Intersection,Going Ahead,0,0,0,Dry,0,4,0,No Control,1,0,0
7222,Non-Fatal Injury,Yes,,Yes,,2011-09-09T00:00:00,,Scarborough,Following too Close,,137,17,North,None,35 to 39,Daylight,Intersection,Going Ahead,0,0,0,Dry,0,5,0,No Control,0,0,0
7225,Non-Fatal Injury,Yes,,Yes,,2011-09-09T00:00:00,,Scarborough,Driving Properly,,137,17,North,Major,20 to 24,Daylight,Intersection,Stopped,0,0,0,Dry,0,5,0,No Control,0,0,0