,ACCLASS,AG_DRIV,ALCOHOL,AUTOMOBILE,CYCLIST,DATE,DISABILITY,DISTRICT,DRIVACT,EMERG_VEH,HOOD_ID,HOUR,INITDIR,INJURY,INVAGE,LIGHT,LOCCOORD,MANOEUVER,MOTORCYCLE,PASSENGER,PEDESTRIAN,RDSFCOND,REDLIGHT,ROAD_CLASS,SPEEDING,TRAFFCTL,TRSN_CITY_VEH,TRUCK,VISIBILITY
7226,Non-Fatal Injury,,,Yes,,2011-09-10T00:00:00,,Scarborough,Lost control,,135,18,East,Minor,40 to 44,Daylight,Intersection,Going Ahead,0,0,0,Dry,0,3,0,No Control,0,0,0
7227,Non-Fatal Injury,,,Yes,,2011-09-10T00:00:00,,Scarborough,Driving Properly,,135,18,West,Major,55 to 59,Daylight,Intersection,Going Ahead,0,0,0,Dry,0,3,0,No Control,0,0,0
7229,Non-Fatal Injury,Yes,,Yes,Yes,2011-09-11T00:00:00,,Toronto and East York,Failed to Yield Right of Way,,70,15,East,None,55 to 59,Daylight,Intersection,Going Ahead,0,0,0,Dry,0,4,0,Passive Control,0,0,0
7232,Fatal,Yes,,Yes,,2011-09-12T00:00:00,,Etobicoke York,Driving Properly,,1,13,West,Minor,55 to 59,Daylight,Mid-Block,Turning Left,0,0,0,Dry,0,4,1,No Control,0,0,0
7235,Fatal,Yes,,Yes,,2011-09-12T00:00:00,,Etobicoke York,Driving Properly,,1,13,North,None,45 to 49,Daylight,Mid-Block,Turning Right,0,0,0,Dry,0,4,1,No Control,0,0,0
7238,Non-Fatal Injury,Yes,,Yes,,2011-11-02T00:00:00,,Toronto and East York,Driving Properly,,107,6,North,Major,65 to 69,Dark,Intersection,Going Ahead,0,0,0,Dry,0,5,0,Passive Control,0,0,0
7239,Non-Fatal Injury,,,Yes,,2011-10-07T00:00:00,,North York,Lost control,,36,10,West,None,65 to 69,Daylight,Intersection,Turning Left,0,0,0,Dry,0,0,0,No Control,0,0,0
7243,Non-Fatal Injury,,,Yes,,2011-06-28T00:00:00,,North York,Driving Properly,,44,15,West,None,80 to 84,Daylight,Intersection,Going Ahead,0,0,0,Dry,0,4,0,Passive Control,0,0,0
7244,Non-Fatal Injury,,,Yes,,2011-09-13T00:00:00,,Toronto and East York,,,60,13,Unknown,None,Unknown,Daylight,Intersection,Unknown,0,0,0,Dry,0,5,0,Passive Control,0,0,0
7246,Non-Fatal Injury,Yes,,Yes,,2011-11-26T00:00:00,,Etobicoke York,Driving Properly,,25,19,East,Major,35 to 39,"Dark, artificial",Mid-Block,Going Ahead,0,0,0,Dry,0,4,0,No Control,0,0,0
7247,Non-Fatal Injury,,,Yes,,2011-12-31T00:00:00,,Toronto and East York,Driving Properly,,76,19,South,None,40 to 44,"Dark, artificial",Intersection,Going Ahead,0,0,0,Dry,0,4,0,No Control,0,0,0
7248,Non-Fatal Injury,,,Yes,,2011-12-31T00:00:00,,Toronto and East York,Driving Properly,,76,19,North,None,40 to 44,"Dark, artificial",Intersection,Stopped,0,0,0,Dry,0,4,0,No Control,0,0,0
7250,Non-Fatal Injury,,,Yes,,2012-01-06T00:00:00,,Scarborough,Driving Properly,,138,20,West,None,35 to 39,Dark,Mid-Block,Going Ahead,0,0,0,Wet,0,4,0,No Control,0,0,0
7253,Non-Fatal Injury,Yes,,Yes,,2012-01-09T00:00:00,,Scarborough,Failed to Yield Right of Way,,130,9,South,None,55 to 59,Daylight,Intersection,Turning Left,0,0,0,Dry,0,0,0,Passive Control,0,0,0
7257,Non-Fatal Injury,Yes,,Yes,,2011-11-02T00:00:00,,Toronto and East York,Failed to Yield Right of Way,,107,6,West,None,35 to 39,Dark,Intersection,Turning Left,0,0,0,Dry,0,5,0,Passive Control,0,0,0
7259,Non-Fatal Injury,,,,,2012-01-10T00:00:00,,North York,Driving Properly,,39,11,South,None,30 to 34,Daylight,Mid-Block,Going Ahead,0,0,0,Dry,0,4,0,No Control,0,0,0
7263,Non-Fatal Injury,,,,,2012-01-11T00:00:00,,Toronto and East York,Driving Properly,,97,12,East,None,55 to 59,Daylight,Mid-Block,Going Ahead,0,0,0,Dry,0,4,0,No Control,1,0,0
7265,Fatal,Yes,,Yes,,2012-01-12T00:00:00,,Scarborough,Failed to Yield Right of Way,,132,5,West,None,50 to 54,"Dark, artificial",Intersection,Turning Left,0,0,0,Wet,0,5,0,Passive Control,0,0,5
7268,Fatal,,,Yes,,2012-01-12T00:00:00,,North York,Other,,52,21,South,None,75 to 79,"Dark, artificial",Mid-Block,Reversing,0,0,0,Wet,0,3,0,No Control,0,0,0
7271,Non-Fatal Injury,Yes,,Yes,,2012-01-13T00:00:00,,Toronto and East York,Disobeyed Traffic Control,,62,1,East,Major,35 to 39,"Dark, artificial",Intersection,Going Ahead,0,0,0,Wet,0,4,0,Passive Control,1,0,0
7273,Non-Fatal Injury,Yes,,Yes,,2012-01-13T00:00:00,,Toronto and East York,Driving Properly,,62,1,South,Minimal,30 to 34,"Dark, artificial",Intersection,Going Ahead,0,0,0,Wet,0,4,0,Passive Control,1,0,0
7275,Non-Fatal Injury,Yes,,Yes,,2012-01-15T00:00:00,,Scarborough,Driving Properly,,120,9,South,Minor,55 to 59,Daylight,Intersection,Going Ahead,0,0,0,Dry,0,4,0,Passive Control,0,0,0
7276,Non-Fatal Injury,Yes,,Yes,,2012-01-15T00:00:00,,Scarborough,Disobeyed Traffic Control,,120,9,East,Major,60 to 64,Daylight,Intersection,Going Ahead,0,0,0,Dry,0,4,0,Passive Control,0,0,0
7281,Non-Fatal Injury,Yes,,Yes,,2012-01-17T00:00:00,,Etobicoke York,Disobeyed Traffic Control,,1,12,North,Minor,75 to 79,Daylight,Intersection,Going Ahead,0,0,0,Dry,0,4,0,Passive Control,0,0,0
7282,Non-Fatal Injury,Yes,,Yes,,2012-01-17T00:00:00,,Etobicoke York,Driving Properly,,1,12,East,Major,50 to 54,Daylight,Intersection,Going Ahead,0,0,0,Dry,0,4,0,Passive Control,0,0,0
7283,Non-Fatal Injury,,,Yes,,2012-01-17T00:00:00,Yes,Scarborough,Other,,137,13,West,Minor,80 to 84,Daylight,Mid-Block,Going Ahead,0,0,0,Wet,0,4,0,No Control,0,0,5
7288,Non-Fatal Injury,,,Yes,,2012-01-17T00:00:00,Yes,Scarborough,Driving Properly,,137,13,West,Major,35 to 39,Daylight,Mid-Block,Going Ahead,0,0,0,Wet,0,4,0,No Control,0,0,5
7289,Non-Fatal Injury,Yes,,Yes,,2012-01-18T00:00:00,,Toronto and East York,Failed to Yield Right of Way,,67,10,South,Minor,85 to 89,Daylight,Intersection,Turning Left,0,0,0,Dry,0,5,0,No Control,0,0,0
7291,Fatal,,,Yes,,2012-01-20T00:00:00,,North York,Lost control,,47,22,West,Fatal,85 to 89,Dark,Mid-Block,Going Ahead,0,0,0,Packed Snow,0,0,0,No Control,0,0,6
7293,Non-Fatal Injury,Yes,,Yes,,2012-01-22T00:00:00,,North York,Failed to Yield Right of Way,,102,2,South,None,50 to 54,Daylight,Intersection,Turning Right,0,0,0,Dry,0,4,0,Passive Control,0,0,0
7295,Non-Fatal Injury,Yes,,,Yes,2012-01-24T00:00:00,,Toronto and East York,Failed to Yield Right of Way,,95,13,West,None,30 to 34,Daylight,Intersection,Turning Left,0,0,0,Wet,0,4,0,Passive Control,0,1,6
7298,Fatal,Yes,,Yes,,2012-01-26T00:00:00,,Etobicoke York,Driving Properly,,6,9,South,None,60 to 64,Daylight,Intersection,Stopped,0,0,0,Wet,0,4,0,Passive Control,1,0,0
7300,Fatal,Yes,,Yes,,2012-01-26T00:00:00,,Etobicoke York,Failed to Yield Right of Way,,6,9,East,Minor,70 to 74,Daylight,Intersection,Turning Left,0,0,0,Wet,0,4,0,Passive Control,1,0,0
7302,Fatal,Yes,,Yes,,2012-01-26T00:00:00,,Etobicoke York,Driving Properly,,6,9,West,Minor,65 to 69,Daylight,Intersection,Going Ahead,0,0,0,Wet,0,4,0,Passive Control,1,0,0
7304,Non-Fatal Injury,,,Yes,Yes,2012-01-26T00:00:00,,Toronto and East York,Driving Properly,,68,14,East,None,50 to 54,Daylight,Mid-Block,Going Ahead,0,0,0,Wet,0,4,0,No Control,0,0,5
7306,Non-Fatal Injury,,,Yes,,2012-01-26T00:00:00,,North York,Driving Properly,,43,19,East,None,50 to 54,"Dark, artificial",Mid-Block,Changing Lanes,0,0,0,Wet,0,4,0,No Control,0,0,5
7308,Non-Fatal Injury,Yes,,Yes,,2012-01-26T00:00:00,,Toronto and East York,Failed to Yield Right of Way,,70,21,West,None,Unknown,"Dusk, artificial",Intersection,Turning Left,0,0,0,Wet,0,4,0,Passive Control,0,0,5
7310,Non-Fatal Injury,,,Yes,,2012-01-27T00:00:00,,Toronto and East York,Other,,70,18,West,None,Unknown,"Dark, artificial",Intersection,Going Ahead,0,0,0,Dry,0,5,0,Passive Control,0,0,0
7312,Non-Fatal Injury,Yes,,Yes,,2012-01-29T00:00:00,,Etobicoke York,Driving Properly,,16,22,West,None,45 to 49,Dark,Mid-Block,Stopped,0,0,0,Dry,0,4,0,No Control,0,0,0
7314,Non-Fatal Injury,Yes,,Yes,,2012-01-29T00:00:00,,Etobicoke York,Following too Close,,16,22,West,None,35 to 39,Dark,Mid-Block,Going Ahead,0,0,0,Dry,0,4,0,No Control,0,0,0
7315,Non-Fatal Injury,Yes,,Yes,,2012-01-29T00:00:00,,Etobicoke York,Driving Properly,,16,22,West,None,25 to 29,Dark,Mid-Block,Stopped,0,0,0,Dry,0,4,0,No Control,0,0,0
7318,Non-Fatal Injury,Yes,,Yes,,2012-01-29T00:00:00,,Etobicoke York,Driving Properly,,16,22,West,None,25 to 29,Dark,Mid-Block,Slowing or Stopping,0,0,0,Dry,0,4,0,No Control,0,0,0
7319,Fatal,,,Yes,,2012-01-30T00:00:00,Yes,Etobicoke York,Driving Properly,,21,14,East,None,45 to 49,Daylight,Intersection,Stopped,0,0,0,Dry,0,4,0,Passive Control,0,0,0
7320,Fatal,,,Yes,,2012-01-30T00:00:00,Yes,Etobicoke York,Lost control,,21,14,West,Fatal,75 to 79,Daylight,Intersection,Turning Left,0,0,0,Dry,0,4,0,Passive Control,0,0,0
7321,Non-Fatal Injury,Yes,,Yes,,2012-01-31T00:00:00,,Toronto and East York,Driving Properly,,76,15,West,Minimal,55 to 59,Daylight,Intersection,Going Ahead,0,0,0,Dry,0,4,0,Passive Control,0,0,0
7323,Non-Fatal Injury,Yes,,Yes,,2012-01-31T00:00:00,,Toronto and East York,Disobeyed Traffic Control,,76,15,North,Major,40 to 44,Daylight,Intersection,Going Ahead,0,0,0,Dry,0,4,0,Passive Control,0,0,0
7324,Non-Fatal Injury,,,Yes,,2012-02-01T00:00:00,,Scarborough,Driving Properly,,137,21,North,None,60 to 64,"Dark, artificial",Intersection,Going Ahead,0,0,0,Dry,0,4,0,Passive Control,0,0,0
7326,Non-Fatal Injury,,,Yes,,2012-02-01T00:00:00,,Scarborough,Driving Properly,,136,23,East,Minimal,35 to 39,"Dark, artificial",Intersection,Going Ahead,0,0,0,Dry,0,4,0,No Control,0,0,0
7330,Non-Fatal Injury,,,,,2012-02-02T00:00:00,,North York,Driving Properly,,26,15,West,None,40 to 44,Daylight,Mid-Block,Going Ahead,0,0,0,Dry,0,4,0,No Control,1,0,0
7331,Non-Fatal Injury,Yes,Yes,Yes,,2012-02-03T00:00:00,,Scarborough,Lost control,,132,4,South,Major,25 to 29,Dark,Mid-Block,Going Ahead,0,0,0,Dry,0,0,1,No Control,0,0,0
7333,Non-Fatal Injury,Yes,,Yes,,2012-02-03T00:00:00,,North York,Failed to Yield Right of Way,,42,18,South,None,75 to 79,"Dark, artificial",Intersection,Turning Right,0,0,0,Dry,0,5,0,Passive Control,0,0,0
7335,Non-Fatal Injury,Yes,,Yes,,2012-02-04T00:00:00,,Scarborough,Failed to Yield Right of Way,,116,6,North,None,Unknown,"Dark, artificial",Intersection,Turning Left,0,0,0,Dry,0,4,0,Passive Control,0,0,0
7337,Fatal,,,Yes,,2012-02-06T00:00:00,,Toronto and East York,Driving Properly,,85,2,East,None,40 to 44,"Dark, artificial",Mid-Block,Going Ahead,0,0,0,Other,0,4,0,No Control,0,1,0
7340,Non-Fatal Injury,,,Yes,,2012-02-07T00:00:00,,North York,Driving Properly,,104,10,West,None,30 to 34,Daylight,Intersection,Turning Left,0,0,0,Dry,0,4,0,Passive Control,0,0,0
7342,Non-Fatal Injury,Yes,,Yes,Yes,2012-02-07T00:00:00,,Toronto and East York,Failed to Yield Right of Way,,96,13,West,Major,65 to 69,Daylight,Intersection,Going Ahead,0,0,0,Dry,0,0,0,Passive Control,0,0,0
7345,Non-Fatal Injury,Yes,,Yes,,2012-02-08T00:00:00,,Toronto and East York,Driving Properly,,70,13,North,Minimal,35 to 39,Daylight,Intersection,Going Ahead,0,0,0,Dry,0,5,0,Passive Control,0,0,0
7348,Non-Fatal Injury,,,Yes,,2011-07-27T00:00:00,,North York,Lost control,,52,16,East,Minor,75 to 79,Daylight,Mid-Block,Going Ahead,0,0,0,Dry,0,4,0,No Control,0,0,0
7349,Non-Fatal Injury,,,Yes,,2011-09-13T00:00:00,,Toronto and East York,Driving Properly,,82,19,East,None,30 to 34,"Dark, artificial",Intersection,Going Ahead,0,0,0,Dry,0,4,0,Passive Control,0,0,0
7350,Non-Fatal Injury,,,,,2012-02-08T00:00:00,,Etobicoke York,Driving Properly,,21,16,West,None,45 to 49,"Dusk, artificial",Intersection,Turning Right,0,0,0,Dry,0,4,0,Passive Control,1,0,0
7351,Non-Fatal Injury,Yes,,Yes,,2011-11-26T00:00:00,,Etobicoke York,Failed to Yield Right of Way,,25,19,West,None,35 to 39,"Dark, artificial",Mid-Block,Turning Left,0,0,0,Dry,0,4,0,No Control,0,0,0
7353,Non-Fatal Injury,Yes,,Yes,,2011-11-02T00:00:00,,Toronto and East York,Driving Properly,,84,16,West,Major,65 to 69,Daylight,Intersection,Going Ahead,0,0,0,Dry,0,4,0,Passive Control,0,0,0
7354,Non-Fatal Injury,,,Yes,,2011-06-28T00:00:00,,North York,Driving Properly,,44,15,West,None,45 to 49,Daylight,Intersection,Going Ahead,0,0,0,Dry,0,4,0,Passive Control,0,0,0
7356,Fatal,,,Yes,,2011-06-29T00:00:00,Yes,North York,Lost control,,36,11,West,None,50 to 54,Daylight,Intersection,Going Ahead,0,0,0,Dry,0,4,0,No Control,0,0,0
7360,Fatal,,,Yes,,2011-07-01T00:00:00,,Scarborough,Driving Properly,,117,22,South,None,45 to 49,Dark,Mid-Block,Going Ahead,0,0,0,Dry,0,4,0,No Control,0,0,0
7362,Fatal,,,Yes,,2011-07-01T00:00:00,,Scarborough,Driving Properly,,117,22,South,None,25 to 29,Dark,Mid-Block,Going Ahead,0,0,0,Dry,0,4,0,No Control,0,0,0
7365,Non-Fatal Injury,Yes,,Yes,,2011-07-01T00:00:00,,Toronto and East York,Driving Properly,,70,23,North,Minor,30 to 34,Dark,Mid-Block,Going Ahead,0,0,0,Dry,0,4,1,No Control,0,0,0
7366,Non-Fatal Injury,Yes,,Yes,,2011-07-01T00:00:00,,Toronto and East York,Speed too Fast For Condition,,70,23,North,None,15 to 19,Dark,Mid-Block,Going Ahead,0,0,0,Dry,0,4,1,No Control,0,0,0
7367,Non-Fatal Injury,Yes,,Yes,,2011-07-01T00:00:00,,Toronto and East York,Driving Properly,,70,23,North,None,20 to 24,Dark,Mid-Block,Going Ahead,0,0,0,Dry,0,4,1,No Control,0,0,0
7369,Non-Fatal Injury,Yes,,Yes,,2011-07-01T00:00:00,,Toronto and East York,Driving Properly,,70,23,North,None,40 to 44,Dark,Mid-Block,Going Ahead,0,0,0,Dry,0,4,1,No Control,0,0,0
7370,Non-Fatal Injury,,,Yes,Yes,2011-07-06T00:00:00,,Toronto and East York,Driving Properly,,78,18,South,None,55 to 59,Daylight,Intersection,Stopped,0,0,0,Dry,0,4,0,Passive Control,0,0,0
7372,Non-Fatal Injury,,,Yes,,2011-07-07T00:00:00,,Etobicoke York,Driving Properly,,14,19,West,Major,20 to 24,Daylight,Intersection,Going Ahead,0,0,0,Dry,0,4,0,No Control,0,0,0
7373,Non-Fatal Injury,,,Yes,,2011-07-07T00:00:00,,Etobicoke York,Improper Lane Change,,14,19,West,None,35 to 39,Daylight,Intersection,Changing Lanes,0,0,0,Dry,0,4,0,No Control,0,0,0
7375,Fatal,,,Yes,,2011-07-08T00:00:00,,Etobicoke York,Lost control,,28,4,North,Fatal,25 to 29,Dark,Mid-Block,Going Ahead,0,0,0,Dry,0,4,0,No Control,0,0,0
7377,Non-Fatal Injury,Yes,,Yes,Yes,2011-07-08T00:00:00,,Scarborough,Failed to Yield Right of Way,,133,16,South,Major,20 to 24,Daylight,Mid-Block,Turning Right,0,0,0,Dry,0,4,0,No Control,0,0,0
7380,Non-Fatal Injury,,,Yes,,2011-07-09T00:00:00,,Scarborough,Lost control,,131,1,East,Major,40 to 44,Dark,Mid-Block,Going Ahead,0,0,0,Dry,0,4,0,No Control,0,0,0
7382,Non-Fatal Injury,,,Yes,,2011-07-09T00:00:00,,Scarborough,Driving Properly,,131,1,West,None,50 to 54,Dark,Mid-Block,Going Ahead,0,0,0,Dry,0,4,0,No Control,0,0,0
7384,Non-Fatal Injury,,,,,2011-07-10T00:00:00,,Toronto and East York,Lost control,,92,18,South,Major,20 to 24,Daylight,Mid-Block,Turning Left,0,0,0,Dry,0,0,0,No Control,0,0,0
7385,Non-Fatal Injury,Yes,,Yes,,2011-07-12T00:00:00,,Etobicoke York,Driving Properly,,17,7,East,None,45 to 49,Daylight,Mid-Block,Slowing or Stopping,0,0,0,Dry,0,4,1,No Control,0,0,0
7386,Non-Fatal Injury,Yes,,Yes,,2011-07-12T00:00:00,,Etobicoke York,Speed too Fast For Condition,,17,7,East,Major,45 to 49,Daylight,Mid-Block,Slowing or Stopping,0,0,0,Dry,0,4,1,No Control,0,0,0
7387,Non-Fatal Injury,Yes,,Yes,,2011-07-12T00:00:00,,Toronto and East York,Driving Properly,,93,7,South,None,45 to 49,Daylight,Intersection,Stopped,0,0,0,Dry,0,4,0,Passive Control,0,0,0
7388,Non-Fatal Injury,Yes,,Yes,,2011-07-12T00:00:00,,Toronto and East York,Disobeyed Traffic Control,,93,7,West,Major,45 to 49,Daylight,Intersection,Going Ahead,0,0,0,Dry,0,4,0,Passive Control,0,0,0
7390,Non-Fatal Injury,Yes,,Yes,,2011-07-12T00:00:00,,Toronto and East York,Disobeyed Traffic Control,,93,7,North,Minimal,55 to 59,Daylight,Intersection,Going Ahead,0,0,0,Dry,0,4,0,Passive Control,0,0,0
7391,Non-Fatal Injury,,,Yes,Yes,2011-07-14T00:00:00,,Toronto and East York,Driving Properly,,97,16,North,None,50 to 54,Daylight,Intersection,Going Ahead,0,0,0,Dry,0,4,0,Passive Control,0,0,0
7393,Non-Fatal Injury,Yes,,Yes,Yes,2011-07-15T00:00:00,,North York,Following too Close,,42,16,North,None,55 to 59,Daylight,Mid-Block,Going Ahead,0,0,0,Dry,0,4,0,No Control,0,0,0
7395,Non-Fatal Injury,,,Yes,Yes,2011-07-15T00:00:00,,Toronto and East York,Other,,69,16,West,None,45 to 49,Daylight,Intersection,Parked,0,0,0,Dry,0,4,0,No Control,0,0,0
7398,Non-Fatal Injury,Yes,,Yes,,2011-07-15T00:00:00,,Toronto and East York,Failed to Yield Right of Way,,85,23,West,None,15 to 19,Dark,Mid-Block,Going Ahead,0,0,0,Dry,0,4,0,Passive Control,0,0,0
7399,Non-Fatal Injury,Yes,,Yes,,2011-07-16T00:00:00,Yes,Scarborough,Driving Properly,,131,8,West,Minor,35 to 39,Daylight,Mid-Block,Going Ahead,0,0,0,Dry,0,4,1,No Control,0,0,0
7400,Non-Fatal Injury,Yes,,Yes,,2011-07-16T00:00:00,Yes,Scarborough,Driving Properly,,131,8,West,None,65 to 69,Daylight,Mid-Block,Going Ahead,0,0,0,Dry,0,4,1,No Control,0,0,0
7401,Non-Fatal Injury,Yes,,Yes,,2011-07-16T00:00:00,Yes,Scarborough,Lost control,,131,8,West,Major,45 to 49,Daylight,Mid-Block,Going Ahead,0,0,0,Dry,0,4,1,No Control,0,0,0
7403,Non-Fatal Injury,Yes,,Yes,,2011-07-16T00:00:00,Yes,Scarborough,Driving Properly,,131,8,West,Minimal,40 to 44,Daylight,Mid-Block,Going Ahead,0,0,0,Dry,0,4,1,No Control,0,0,0
7405,Fatal,,,Yes,,2011-07-16T00:00:00,,Etobicoke York,Lost control,,8,12,West,Major,70 to 74,Daylight,Intersection,Going Ahead,0,0,0,Dry,0,5,0,Passive Control,0,0,0
7407,Non-Fatal Injury,Yes,,Yes,,2011-07-17T00:00:00,,Toronto and East York,Driving Properly,,77,6,East,Major,30 to 34,Daylight,Intersection,Going Ahead,0,0,0,Dry,0,5,0,Passive Control,0,0,0
7409,Non-Fatal Injury,Yes,,Yes,,2011-07-17T00:00:00,,Toronto and East York,Improper Passing,,77,6,East,Minimal,35 to 39,Daylight,Intersection,Slowing or Stopping,0,0,0,Dry,0,5,0,Passive Control,0,0,0
7410,Non-Fatal Injury,,,Yes,,2011-07-17T00:00:00,,Scarborough,Other,,131,20,East,Major,30 to 34,Daylight,Mid-Block,Going Ahead,0,0,0,Dry,0,0,0,No Control,0,0,0
7411,Non-Fatal Injury,,,Yes,,2011-07-17T00:00:00,,Scarborough,Other,,131,20,East,Minor,25 to 29,Daylight,Mid-Block,Going Ahead,0,0,0,Dry,0,0,0,No Control,0,0,0
7412,Non-Fatal Injury,,,Yes,,2011-07-17T00:00:00,,Scarborough,Driving Properly,,131,20,West,None,35 to 39,Daylight,Mid-Block,Going Ahead,0,0,0,Dry,0,0,0,No Control,0,0,0
7418,Non-Fatal Injury,Yes,,Yes,,2011-07-18T00:00:00,,North York,Exceeding Speed Limit,,52,0,North,Major,25 to 29,"Dark, artificial",Mid-Block,Going Ahead,0,0,0,Dry,0,4,1,No Control,0,0,0
7419,Non-Fatal Injury,,,,,2011-07-19T00:00:00,,Etobicoke York,Lost control,,14,3,West,Major,20 to 24,Dark,Mid-Block,Going Ahead,0,0,0,Dry,0,4,0,No Control,0,0,0
7422,Non-Fatal Injury,,,Yes,,2011-07-19T00:00:00,,Toronto and East York,Driving Properly,,87,19,North,Minor,40 to 44,Daylight,Intersection,Stopped,0,0,0,Dry,0,4,0,No Control,0,0,0
7424,Non-Fatal Injury,,,Yes,,2011-07-19T00:00:00,,Toronto and East York,Other,,87,19,North,None,30 to 34,Daylight,Intersection,Going Ahead,0,0,0,Dry,0,4,0,No Control,0,0,0
7425,Non-Fatal Injury,Yes,,Yes,,2011-07-20T00:00:00,,Scarborough,Driving Properly,,117,10,South,Minimal,50 to 54,Daylight,Mid-Block,Going Ahead,0,0,0,Dry,0,4,0,No Control,0,0,0
7427,Non-Fatal Injury,Yes,,Yes,,2011-07-20T00:00:00,,Scarborough,Failed to Yield Right of Way,,117,10,East,Major,60 to 64,Daylight,Mid-Block,Turning Left,0,0,0,Dry,0,4,0,No Control,0,0,0
7430,Non-Fatal Injury,,,,,2011-07-20T00:00:00,,Etobicoke York,Lost control,,112,11,East,Minor,25 to 29,Daylight,Intersection,Turning Left,0,0,0,Dry,0,4,0,No Control,0,1,0
7434,Non-Fatal Injury,Yes,,Yes,,2011-07-20T00:00:00,,Scarborough,Disobeyed Traffic Control,,118,13,East,Major,15 to 19,Daylight,Intersection,Going Ahead,0,0,0,Dry,0,4,0,Passive Control,0,0,0
7435,Non-Fatal Injury,Yes,,Yes,,2011-07-20T00:00:00,,Scarborough,Driving Properly,,118,13,North,Minimal,35 to 39,Daylight,Intersection,Turning Left,0,0,0,Dry,0,4,0,Passive Control,0,0,0
7437,Non-Fatal Injury,,,Yes,Yes,2011-07-20T00:00:00,,Toronto and East York,Other,,77,18,West,None,40 to 44,Daylight,Intersection,Parked,0,0,0,Dry,0,5,0,Passive Control,0,0,0
7440,Non-Fatal Injury,Yes,,Yes,,2011-07-20T00:00:00,,North York,Failed to Yield Right of Way,,55,18,West,Minor,50 to 54,Daylight,Intersection,Turning Left,0,0,0,Dry,0,4,0,No Control,0,0,0
7441,Non-Fatal Injury,Yes,,Yes,,2011-07-20T00:00:00,,North York,Driving Properly,,55,18,East,Major,50 to 54,Daylight,Intersection,Going Ahead,0,0,0,Dry,0,4,0,No Control,0,0,0
7442,Non-Fatal Injury,Yes,,Yes,,2011-07-21T00:00:00,,Toronto and East York,Failed to Yield Right of Way,,63,16,North,None,35 to 39,Daylight,Intersection,Turning Left,0,0,0,Dry,0,5,0,Passive Control,0,0,0
7444,Non-Fatal Injury,,,Yes,,2011-07-23T00:00:00,,Etobicoke York,Driving Properly,,1,22,South,None,45 to 49,"Dark, artificial",Intersection,Going Ahead,0,0,0,Wet,0,4,0,No Control,0,0,5
7446,Fatal,Yes,,Yes,,2011-07-24T00:00:00,,Scarborough,,,136,13,East,Fatal,65 to 69,Daylight,Intersection,Going Ahead,0,0,0,Dry,0,4,0,Passive Control,0,0,0
7451,Non-Fatal Injury,,,,,2011-10-08T00:00:00,,Etobicoke York,Lost control,,6,13,West,Major,30 to 34,Daylight,Intersection,Going Ahead,0,0,0,Dry,0,3,0,Passive Control,0,0,0
7455,Non-Fatal Injury,Yes,,Yes,,2011-10-09T00:00:00,,Scarborough,Failed to Yield Right of Way,,116,8,South,None,50 to 54,Daylight,Intersection,Turning Left,0,0,0,Dry,0,4,0,Passive Control,0,0,0
7457,Non-Fatal Injury,Yes,,Yes,,2011-10-09T00:00:00,,Etobicoke York,Failed to Yield Right of Way,,112,16,East,None,25 to 29,Daylight,Intersection,Turning Right,0,0,0,Dry,0,4,0,Passive Control,0,0,0
7459,Non-Fatal Injury,Yes,Yes,Yes,,2011-10-10T00:00:00,,North York,Lost control,,51,4,North,None,20 to 24,Dark,Intersection,Going Ahead,0,0,0,Dry,0,5,1,No Control,0,0,0
7462,Fatal,,,Yes,,2011-10-10T00:00:00,,Scarborough,Lost control,,117,5,South,Fatal,25 to 29,"Dark, artificial",Intersection,Going Ahead,0,0,0,Dry,0,4,0,Passive Control,0,0,0
7466,Non-Fatal Injury,,,Yes,,2011-10-10T00:00:00,,Etobicoke York,Lost control,,17,5,East,Major,40 to 44,Dark,Mid-Block,Going Ahead,0,0,0,Dry,0,4,0,No Control,0,0,0
7467,Non-Fatal Injury,Yes,,Yes,,2011-10-11T00:00:00,,Toronto and East York,Failed to Yield Right of Way,,66,18,West,Major,75 to 79,Daylight,Intersection,Turning Left,0,0,0,Dry,0,4,0,No Control,0,0,0
7468,Non-Fatal Injury,Yes,,Yes,,2011-10-11T00:00:00,,Toronto and East York,Driving Properly,,66,18,East,None,35 to 39,Daylight,Intersection,Going Ahead,0,0,0,Dry,0,4,0,No Control,0,0,0
7470,Non-Fatal Injury,Yes,,Yes,,2011-10-12T00:00:00,,Toronto and East York,Lost control,,75,2,North,Major,55 to 59,Dark,Intersection,Going Ahead,0,0,0,Dry,0,5,0,No Control,0,0,0
7472,Non-Fatal Injury,,,Yes,,2011-10-12T00:00:00,,Toronto and East York,Driving Properly,,104,12,North,None,60 to 64,Daylight,Intersection,Going Ahead,0,0,0,Wet,0,4,0,No Control,0,0,5
7474,Non-Fatal Injury,,,Yes,,2011-10-12T00:00:00,,Toronto and East York,,,88,13,Unknown,None,Unknown,Daylight,,Going Ahead,0,0,0,Other,0,4,0,No Control,0,0,0
7478,Non-Fatal Injury,Yes,,Yes,,2011-10-13T00:00:00,,Etobicoke York,Disobeyed Traffic Control,,27,18,South,None,20 to 24,Dusk,Intersection,Going Ahead,0,0,0,Dry,0,4,0,Passive Control,0,0,0