,ACCLASS,AG_DRIV,ALCOHOL,AUTOMOBILE,CYCLIST,DATE,DISABILITY,DISTRICT,DRIVACT,EMERG_VEH,HOOD_ID,HOUR,INITDIR,INJURY,INVAGE,LIGHT,LOCCOORD,MANOEUVER,MOTORCYCLE,PASSENGER,PEDESTRIAN,RDSFCOND,REDLIGHT,ROAD_CLASS,SPEEDING,TRAFFCTL,TRSN_CITY_VEH,TRUCK,VISIBILITY
7761,Fatal,Yes,,Yes,,2011-08-02T00:00:00,,Etobicoke York,Failed to Yield Right of Way,,18,12,West,None,45 to 49,Daylight,Intersection,Turning Left,0,0,0,Dry,0,4,0,No Control,0,0,0
7763,Non-Fatal Injury,Yes,,Yes,,2011-11-29T00:00:00,,Scarborough,Failed to Yield Right of Way,,131,19,East,None,Unknown,"Dusk, artificial",Intersection,Going Ahead,0,0,0,Wet,0,4,0,Passive Control,0,0,5
7764,Non-Fatal Injury,,,Yes,,2011-08-02T00:00:00,,Toronto and East York,Driving Properly,,95,15,South,None,45 to 49,Daylight,Intersection,Going Ahead,0,0,0,Dry,0,4,0,No Control,0,0,0
7766,Non-Fatal Injury,,,Yes,,2011-08-03T00:00:00,,Toronto and East York,Driving Properly,,66,13,West,None,25 to 29,Daylight,Intersection,Going Ahead,0,0,0,Dry,0,4,0,No Control,0,0,0
7771,Non-Fatal Injury,Yes,Yes,Yes,,2011-08-03T00:00:00,,Toronto and East York,Other,,62,16,North,None,35 to 39,Daylight,Intersection,Turning Left,0,0,0,Dry,0,5,1,Passive Control,0,0,0
7772,Non-Fatal Injury,Yes,,Yes,Yes,2011-11-04T00:00:00,,Toronto and East York,Failed to Yield Right of Way,,83,17,East,None,30 to 34,Daylight,Intersection,Turning Left,0,0,0,Dry,0,4,0,No Control,0,0,0
7775,Non-Fatal Injury,Yes,Yes,Yes,,2011-08-03T00:00:00,,Toronto and East York,Speed too Fast For Condition,,62,16,East,Major,25 to 29,Daylight,Intersection,Changing Lanes,0,0,0,Dry,0,5,1,Passive Control,0,0,0
7776,Non-Fatal Injury,,,Yes,Yes,2011-08-03T00:00:00,,Etobicoke York,Driving Properly,,110,18,East,None,45 to 49,Daylight,Mid-Block,Going Ahead,0,0,0,Wet,0,3,0,No Control,0,0,5
7780,Non-Fatal Injury,Yes,,Yes,,2011-08-04T00:00:00,,Etobicoke York,Exceeding Speed Limit,,17,2,East,Minimal,30 to 34,Dark,Mid-Block,Going Ahead,0,0,0,Dry,0,4,1,No Control,0,0,0
7781,Non-Fatal Injury,,,Yes,Yes,2011-08-04T00:00:00,,North York,Driving Properly,,45,23,North,None,40 to 44,Dark,Intersection,Stopped,0,0,0,Dry,0,4,0,Passive Control,0,0,0
7785,Non-Fatal Injury,,,,,2011-08-04T00:00:00,,Toronto and East York,Driving Properly,,76,23,West,None,50 to 54,Dark,Mid-Block,Going Ahead,0,0,0,Dry,0,4,0,No Control,1,0,0
7787,Fatal,Yes,,Yes,Yes,2011-08-05T00:00:00,,Toronto and East York,Failed to Yield Right of Way,,58,9,South,None,80 to 84,Daylight,Intersection,Going Ahead,0,0,0,Dry,0,0,0,Passive Control,0,0,0
7789,Non-Fatal Injury,Yes,,Yes,Yes,2011-08-05T00:00:00,,Toronto and East York,Driving Properly,,80,15,South,Major,40 to 44,Daylight,Intersection,Going Ahead,0,0,0,Dry,0,5,0,Passive Control,0,0,0
7791,Non-Fatal Injury,Yes,,Yes,Yes,2011-08-05T00:00:00,,Toronto and East York,Failed to Yield Right of Way,,80,15,East,None,45 to 49,Daylight,Intersection,Turning Left,0,0,0,Dry,0,5,0,Passive Control,0,0,0
7792,Non-Fatal Injury,,,Yes,Yes,2011-08-06T00:00:00,,Etobicoke York,Other,,110,13,North,None,Unknown,Daylight,Mid-Block,Going Ahead,0,0,0,Dry,0,3,0,No Control,0,0,0
7795,Non-Fatal Injury,,Yes,Yes,,2011-08-07T00:00:00,,Etobicoke York,Other,,110,1,North,Major,35 to 39,Dark,Mid-Block,Going Ahead,0,0,0,Dry,0,4,0,No Control,0,0,0
7797,Non-Fatal Injury,,Yes,Yes,,2011-08-07T00:00:00,,Etobicoke York,Driving Properly,,110,1,North,Minimal,45 to 49,Dark,Mid-Block,Stopped,0,0,0,Dry,0,4,0,No Control,0,0,0
7798,Fatal,Yes,,Yes,,2011-08-07T00:00:00,,Etobicoke York,Exceeding Speed Limit,,6,11,West,Fatal,30 to 34,Daylight,Intersection,Going Ahead,0,0,0,Dry,0,4,1,Passive Control,0,0,0
7799,Fatal,Yes,,Yes,,2011-08-07T00:00:00,,Etobicoke York,Driving Properly,,6,11,East,Minimal,75 to 79,Daylight,Intersection,Turning Left,0,0,0,Dry,0,4,1,Passive Control,0,0,0
7801,Non-Fatal Injury,Yes,,Yes,Yes,2011-08-08T00:00:00,,Scarborough,Failed to Yield Right of Way,,118,14,West,None,50 to 54,Daylight,Intersection,Turning Left,0,0,0,Dry,0,4,0,Passive Control,0,0,0
7804,Non-Fatal Injury,,,Yes,,2011-08-09T00:00:00,,Toronto and East York,Driving Properly,,75,18,East,None,50 to 54,Daylight,Intersection,Going Ahead,0,0,0,Dry,0,4,0,No Control,1,0,0
7805,Non-Fatal Injury,,,Yes,,2011-08-09T00:00:00,,Toronto and East York,Other,,75,18,East,Major,50 to 54,Daylight,Intersection,Slowing or Stopping,0,0,0,Dry,0,4,0,No Control,1,0,0
7807,Non-Fatal Injury,Yes,,Yes,,2011-08-09T00:00:00,,Toronto and East York,Driving Properly,,54,21,East,None,30 to 34,Dark,Intersection,Going Ahead,0,0,0,Dry,0,4,0,No Control,0,0,0
7808,Non-Fatal Injury,Yes,,Yes,,2011-08-09T00:00:00,,Toronto and East York,Other,,54,21,Unknown,None,Unknown,Dark,Intersection,Unknown,0,0,0,Dry,0,4,0,No Control,0,0,0
7810,Non-Fatal Injury,Yes,,Yes,,2011-08-11T00:00:00,,North York,Failed to Yield Right of Way,,50,15,West,None,50 to 54,Daylight,Intersection,Turning Left,0,0,0,Dry,0,0,0,No Control,0,0,0
7812,Non-Fatal Injury,Yes,,,,2011-08-12T00:00:00,,Etobicoke York,Speed too Fast For Condition,,2,14,West,Major,25 to 29,Daylight,Intersection,Going Ahead,0,0,0,Dry,0,4,1,No Control,1,0,0
7814,Non-Fatal Injury,Yes,,,,2011-08-12T00:00:00,,Etobicoke York,Driving Properly,,2,14,West,None,40 to 44,Daylight,Intersection,Stopped,0,0,0,Dry,0,4,1,No Control,1,0,0
7816,Non-Fatal Injury,Yes,,Yes,,2011-08-12T00:00:00,,North York,Speed too Fast For Condition,,34,18,South,Major,25 to 29,Daylight,Intersection,Going Ahead,0,0,0,Dry,0,4,1,Passive Control,0,0,0
7817,Non-Fatal Injury,Yes,,Yes,,2011-08-12T00:00:00,,North York,Driving Properly,,34,18,North,Minimal,50 to 54,Daylight,Intersection,Turning Left,0,0,0,Dry,0,4,1,Passive Control,0,0,0
7818,Fatal,,,Yes,,2011-08-13T00:00:00,,North York,Other,,36,18,West,None,45 to 49,Daylight,Intersection,Reversing,0,0,0,Dry,0,3,0,No Control,0,0,0
7821,Non-Fatal Injury,,,Yes,,2011-08-15T00:00:00,Yes,Etobicoke York,Lost control,,16,18,East,Major,55 to 59,Daylight,Intersection,Going Ahead,0,0,0,Dry,0,4,0,No Control,0,0,0
7824,Non-Fatal Injury,,,Yes,,2011-08-15T00:00:00,Yes,Etobicoke York,Driving Properly,,16,18,East,Minimal,60 to 64,Daylight,Intersection,Slowing or Stopping,0,0,0,Dry,0,4,0,No Control,0,0,0
7826,Non-Fatal Injury,Yes,,Yes,,2011-08-15T00:00:00,,Etobicoke York,Driving Properly,,20,21,West,Major,15 to 19,Dark,Mid-Block,Going Ahead,0,0,0,Dry,0,4,0,No Control,0,0,0
7827,Non-Fatal Injury,Yes,,Yes,,2011-08-15T00:00:00,,Etobicoke York,Following too Close,,20,21,West,None,Unknown,Dark,Mid-Block,Going Ahead,0,0,0,Dry,0,4,0,No Control,0,0,0
7828,Fatal,,,Yes,,2011-08-16T00:00:00,,Toronto and East York,Other,,83,6,North,Fatal,55 to 59,Daylight,"Park, Private Property, Public Lane",Reversing,0,0,0,Dry,0,2,0,No Control,0,0,0
7830,Non-Fatal Injury,Yes,,Yes,Yes,2011-08-16T00:00:00,,Toronto and East York,Failed to Yield Right of Way,,77,16,West,None,Unknown,Daylight,Intersection,Going Ahead,0,0,0,Dry,0,5,0,No Control,0,0,0
7833,Non-Fatal Injury,,,Yes,,2011-08-17T00:00:00,,Toronto and East York,Driving Properly,,78,6,South,None,35 to 39,Daylight,Intersection,Going Ahead,0,0,0,Dry,0,4,0,No Control,0,0,0
7835,Non-Fatal Injury,,,Yes,,2011-08-19T00:00:00,,Toronto and East York,Other,,70,12,East,None,50 to 54,Daylight,Intersection,Reversing,0,0,0,Dry,0,5,0,No Control,0,0,0
7837,Non-Fatal Injury,,,Yes,,2011-08-19T00:00:00,,Toronto and East York,Driving Properly,,95,13,South,Major,35 to 39,Daylight,Intersection,Going Ahead,0,0,0,Dry,0,4,0,Passive Control,0,0,0
7838,Non-Fatal Injury,,,Yes,,2011-08-19T00:00:00,,Toronto and East York,Improper Turn,,95,13,North,None,40 to 44,Daylight,Intersection,Turning Left,0,0,0,Dry,0,4,0,Passive Control,0,0,0
7839,Non-Fatal Injury,Yes,,Yes,Yes,2011-08-19T00:00:00,,Toronto and East York,Improper Passing,,87,21,East,None,Unknown,Dark,Intersection,Overtaking,0,0,0,Dry,0,4,0,No Control,0,0,0
7843,Non-Fatal Injury,Yes,,Yes,,2011-08-20T00:00:00,,Scarborough,Improper Passing,,131,2,North,Major,15 to 19,Dark,Mid-Block,Overtaking,0,0,0,Dry,0,5,0,No Control,0,0,0
7846,Fatal,,,Yes,,2011-12-01T00:00:00,,Etobicoke York,Driving Properly,,30,1,North,None,45 to 49,"Dark, artificial",Intersection,Going Ahead,0,0,0,Dry,0,4,0,No Control,0,0,0
7849,Fatal,,,Yes,,2011-12-02T00:00:00,,Scarborough,Driving Properly,,119,18,West,None,65 to 69,"Dusk, artificial",Intersection,Going Ahead,0,0,0,Dry,0,4,0,No Control,0,0,0
7852,Non-Fatal Injury,,,Yes,,2011-12-03T00:00:00,,Scarborough,Driving Properly,,119,3,South,None,25 to 29,Dark,Mid-Block,Going Ahead,0,0,0,Dry,0,4,0,No Control,0,0,0
7853,Non-Fatal Injury,,,Yes,,2011-12-03T00:00:00,,Scarborough,Other,,119,3,South,Major,Unknown,Dark,Mid-Block,Going Ahead,0,0,0,Dry,0,4,0,No Control,0,0,0
7854,Non-Fatal Injury,,,Yes,,2011-12-04T00:00:00,,Toronto and East York,Driving Properly,,75,16,South,None,35 to 39,Daylight,Intersection,Going Ahead,0,0,0,Dry,0,5,0,No Control,0,0,0
7856,Non-Fatal Injury,Yes,,Yes,,2011-12-04T00:00:00,,Scarborough,Disobeyed Traffic Control,,126,18,North,None,20 to 24,"Daylight, artificial",Intersection,Going Ahead,0,0,0,Wet,0,4,0,Passive Control,0,0,0
7857,Non-Fatal Injury,Yes,,Yes,,2011-12-04T00:00:00,,Scarborough,Driving Properly,,126,18,East,Minor,45 to 49,"Daylight, artificial",Intersection,Going Ahead,0,0,0,Wet,0,4,0,Passive Control,0,0,0
7858,Non-Fatal Injury,,,Yes,,2011-12-04T00:00:00,,Scarborough,Driving Properly,,124,22,East,None,20 to 24,"Dark, artificial",Intersection,Going Ahead,0,0,0,Wet,0,4,0,Passive Control,0,0,5
7861,Non-Fatal Injury,,,Yes,,2011-12-05T00:00:00,,North York,Driving Properly,,36,15,South,None,40 to 44,Daylight,Intersection,Going Ahead,0,0,0,Wet,0,3,0,No Control,0,0,5
7863,Non-Fatal Injury,Yes,,Yes,,2011-12-05T00:00:00,,Scarborough,Failed to Yield Right of Way,,129,18,South,None,25 to 29,Dark,Intersection,Turning Left,0,0,0,Wet,0,0,0,Passive Control,0,0,5
7866,Non-Fatal Injury,,,,,2011-12-08T00:00:00,,North York,Driving Properly,,118,19,South,None,55 to 59,Dark,Intersection,Turning Right,0,0,0,Dry,0,4,0,Passive Control,1,0,0
7868,Non-Fatal Injury,Yes,,Yes,,2011-12-10T00:00:00,,Toronto and East York,Failed to Yield Right of Way,,58,15,West,None,25 to 29,Daylight,Intersection,Turning Left,0,0,0,Dry,0,4,0,Passive Control,0,0,0
7872,Non-Fatal Injury,,,Yes,,2011-12-10T00:00:00,,Toronto and East York,Driving Properly,,78,16,South,None,20 to 24,Daylight,Intersection,Going Ahead,0,0,0,Dry,0,4,0,No Control,0,0,0
7874,Non-Fatal Injury,,,,,2011-12-10T00:00:00,,Toronto and East York,Lost control,,77,17,East,Major,35 to 39,"Dark, artificial",Intersection,Pulling Away from Shoulder or Curb,0,0,0,Dry,0,5,0,No Control,0,0,0
7875,Non-Fatal Injury,Yes,,Yes,,2011-12-10T00:00:00,,Toronto and East York,Disobeyed Traffic Control,,70,22,South,None,45 to 49,Dark,Intersection,Going Ahead,0,0,0,Dry,0,5,0,Passive Control,0,0,0
7877,Non-Fatal Injury,Yes,,,,2011-12-15T00:00:00,,Scarborough,Failed to Yield Right of Way,,131,7,West,None,Unknown,"Dark, artificial",Intersection,Turning Left,0,0,0,Wet,0,4,0,Passive Control,1,0,5
7880,Non-Fatal Injury,,,Yes,Yes,2011-12-15T00:00:00,,Toronto and East York,Driving Properly,,76,9,East,None,40 to 44,Daylight,Intersection,Going Ahead,0,0,0,Wet,0,4,0,Passive Control,0,0,5
7884,Non-Fatal Injury,Yes,,,,2011-12-15T00:00:00,,North York,Failed to Yield Right of Way,,47,15,South,None,60 to 64,Daylight,Intersection,Turning Left,0,0,0,Wet,0,5,0,Passive Control,0,1,5
7885,Non-Fatal Injury,,,Yes,Yes,2011-12-20T00:00:00,,Toronto and East York,Other,,78,14,East,None,20 to 24,Daylight,Mid-Block,Parked,0,0,0,Dry,0,4,0,No Control,0,0,0
7889,Fatal,Yes,,,,2011-12-21T00:00:00,,Etobicoke York,Failed to Yield Right of Way,,24,7,West,None,40 to 44,"Dark, artificial",Intersection,Turning Left,0,0,0,Wet,0,4,0,Passive Control,1,0,5
7890,Non-Fatal Injury,,,Yes,,2011-12-21T00:00:00,,North York,Driving Properly,,39,17,West,None,70 to 74,Dark,Intersection,Turning Left,0,0,0,Wet,0,4,0,No Control,0,0,5
7894,Non-Fatal Injury,,,Yes,,2011-12-21T00:00:00,,Etobicoke York,Driving Properly,,110,18,East,None,45 to 49,Dark,Mid-Block,Going Ahead,0,0,0,Dry,0,4,0,No Control,0,0,0
7896,Non-Fatal Injury,Yes,,Yes,,2011-12-22T00:00:00,,North York,Failed to Yield Right of Way,,55,11,South,None,70 to 74,Daylight,Intersection,Turning Left,0,0,0,Dry,0,4,0,Passive Control,0,0,0
7899,Non-Fatal Injury,,,,,2011-12-22T00:00:00,,Etobicoke York,Driving Properly,,25,13,North,None,40 to 44,Daylight,Mid-Block,Going Ahead,0,0,0,Dry,0,4,0,No Control,1,0,0
7901,Fatal,Yes,,Yes,,2011-12-23T00:00:00,,North York,Driving Properly,,45,5,West,Minimal,25 to 29,"Dark, artificial",Intersection,Going Ahead,0,0,0,Wet,0,4,0,Passive Control,0,0,0
7902,Fatal,Yes,,Yes,,2011-12-23T00:00:00,,North York,Improper Turn,,45,5,East,Fatal,35 to 39,"Dark, artificial",Intersection,Turning Left,0,0,0,Wet,0,4,0,Passive Control,0,0,0
7904,Non-Fatal Injury,Yes,,Yes,,2011-12-25T00:00:00,,Etobicoke York,Other,,110,10,West,None,25 to 29,Daylight,Mid-Block,Going Ahead,0,0,0,Dry,0,4,0,No Control,0,0,0
7907,Non-Fatal Injury,Yes,,Yes,,2011-12-25T00:00:00,,Toronto and East York,Lost control,,92,17,North,Major,20 to 24,"Dark, artificial",Mid-Block,Going Ahead,0,0,0,Dry,0,4,0,No Control,0,0,0
7908,Non-Fatal Injury,,,Yes,Yes,2011-12-27T00:00:00,,Toronto and East York,Improper Lane Change,,92,14,West,Major,25 to 29,Daylight,Intersection,Changing Lanes,0,0,0,Wet,0,4,0,Passive Control,0,0,5
7910,Non-Fatal Injury,Yes,,Yes,,2011-12-27T00:00:00,,Etobicoke York,Failed to Yield Right of Way,,14,17,East,None,65 to 69,Dark,Intersection,Turning Left,0,0,0,Wet,0,5,0,Passive Control,0,0,5
7913,Non-Fatal Injury,Yes,,Yes,,2011-12-27T00:00:00,,Etobicoke York,Speed too Fast For Condition,,1,19,West,None,65 to 69,Dark,Mid-Block,Turning Right,0,0,0,Loose Snow,0,6,1,No Control,0,0,6
7914,Non-Fatal Injury,Yes,,Yes,,2011-12-28T00:00:00,,North York,Failed to Yield Right of Way,,31,13,West,None,15 to 19,Daylight,Intersection,Turning Left,0,0,0,Dry,0,4,0,Passive Control,0,0,0
7916,Non-Fatal Injury,,,Yes,,2011-12-28T00:00:00,,Scarborough,Driving Properly,,129,17,North,None,50 to 54,"Dark, artificial",Intersection,Going Ahead,0,0,0,Dry,0,4,0,Passive Control,0,0,0
7918,Non-Fatal Injury,Yes,Yes,Yes,,2011-12-29T00:00:00,,Scarborough,Exceeding Speed Limit,,132,3,North,None,20 to 24,Dark,Mid-Block,Going Ahead,0,0,0,Dry,0,5,1,No Control,0,0,0
7920,Non-Fatal Injury,,,Yes,,2011-12-30T00:00:00,,North York,Improper Turn,,108,18,West,None,40 to 44,Dusk,Intersection,Turning Left,0,0,0,Wet,0,4,0,Passive Control,0,0,5
7925,Non-Fatal Injury,Yes,,Yes,,2011-12-31T00:00:00,,Etobicoke York,Lost control,,17,9,East,Minor,25 to 29,Daylight,Mid-Block,Going Ahead,0,0,0,Wet,0,4,1,No Control,0,0,5
7926,Non-Fatal Injury,Yes,,Yes,,2011-12-31T00:00:00,,Etobicoke York,Improper Lane Change,,17,9,East,None,Unknown,Daylight,Mid-Block,Changing Lanes,0,0,0,Wet,0,4,1,No Control,0,0,5
7928,Non-Fatal Injury,Yes,Yes,Yes,,2011-11-05T00:00:00,,Toronto and East York,Exceeding Speed Limit,,82,22,West,None,20 to 24,"Dark, artificial",Mid-Block,Going Ahead,0,0,0,Dry,0,4,1,No Control,1,0,0
7933,Non-Fatal Injury,Yes,Yes,Yes,,2011-11-05T00:00:00,,Toronto and East York,Driving Properly,,82,22,East,None,30 to 34,"Dark, artificial",Mid-Block,Stopped,0,0,0,Dry,0,4,1,No Control,1,0,0
7935,Fatal,,,,Yes,2011-11-07T00:00:00,,Toronto and East York,Driving Properly,,83,11,South,None,65 to 69,Daylight,Intersection,Turning Right,0,0,0,Dry,0,5,0,Passive Control,0,1,0
7939,Non-Fatal Injury,Yes,,Yes,,2011-11-08T00:00:00,,North York,Driving Properly,,99,16,East,None,40 to 44,Dusk,Intersection,Going Ahead,0,0,0,Wet,0,0,0,Passive Control,0,0,0
7940,Non-Fatal Injury,Yes,,Yes,,2011-11-08T00:00:00,,North York,Failed to Yield Right of Way,,99,16,North,Minimal,45 to 49,Dusk,Intersection,Going Ahead,0,0,0,Wet,0,0,0,Passive Control,0,0,0
7941,Non-Fatal Injury,,,Yes,,2011-11-08T00:00:00,,Toronto and East York,Driving Properly,,78,19,South,None,70 to 74,"Dark, artificial",Intersection,Going Ahead,0,0,0,Dry,0,4,0,No Control,0,0,0
7943,Non-Fatal Injury,,,Yes,,2011-11-09T00:00:00,,North York,Driving Properly,,48,18,South,None,20 to 24,"Dark, artificial",Mid-Block,Going Ahead,0,0,0,Wet,0,4,0,No Control,0,0,5
7946,Fatal,Yes,,Yes,,2011-11-10T00:00:00,Yes,Toronto and East York,Driving Properly,,57,11,South,None,50 to 54,Daylight,Mid-Block,Going Ahead,0,0,0,Dry,0,4,1,No Control,0,0,0
7947,Fatal,Yes,,Yes,,2011-11-10T00:00:00,Yes,Toronto and East York,Driving Properly,,57,11,North,None,40 to 44,Daylight,Mid-Block,Going Ahead,0,0,0,Dry,0,4,1,No Control,0,0,0
7948,Fatal,Yes,,Yes,,2011-11-10T00:00:00,Yes,Toronto and East York,Lost control,,57,11,South,Fatal,75 to 79,Daylight,Mid-Block,Going Ahead,0,0,0,Dry,0,4,1,No Control,0,0,0
7951,Fatal,Yes,,Yes,,2011-11-10T00:00:00,Yes,Toronto and East York,Driving Properly,,57,11,South,None,50 to 54,Daylight,Mid-Block,Going Ahead,0,0,0,Dry,0,4,1,No Control,0,0,0
7953,Non-Fatal Injury,,,Yes,,2011-11-11T00:00:00,,Etobicoke York,Driving Properly,,111,6,North,None,30 to 34,"Dark, artificial",Intersection,Going Ahead,0,0,0,Dry,0,4,0,No Control,0,0,0
7955,Non-Fatal Injury,Yes,,Yes,,2011-11-11T00:00:00,,Scarborough,Driving Properly,,137,13,South,None,45 to 49,Daylight,Intersection,Stopped,0,0,0,Dry,0,4,0,Passive Control,0,1,0
7957,Non-Fatal Injury,Yes,,Yes,,2011-11-11T00:00:00,,Scarborough,Following too Close,,137,13,South,Major,25 to 29,Daylight,Intersection,Going Ahead,0,0,0,Dry,0,4,0,Passive Control,0,1,0
7959,Non-Fatal Injury,Yes,,Yes,,2011-11-11T00:00:00,,Scarborough,Following too Close,,137,13,South,None,20 to 24,Daylight,Intersection,Slowing or Stopping,0,0,0,Dry,0,4,0,Passive Control,0,1,0
7961,Non-Fatal Injury,Yes,,Yes,,2011-11-11T00:00:00,,Etobicoke York,Failed to Yield Right of Way,,5,21,East,None,50 to 54,"Dark, artificial",Intersection,Turning Left,0,0,0,Dry,0,4,0,Passive Control,0,0,0
7964,Non-Fatal Injury,,,Yes,,2011-11-12T00:00:00,,Etobicoke York,Driving Properly,,111,13,East,Major,75 to 79,Daylight,Intersection,Going Ahead,0,0,0,Dry,0,5,0,No Control,0,0,0
7965,Non-Fatal Injury,,,Yes,,2011-11-12T00:00:00,,Etobicoke York,Improper Turn,,111,13,West,Major,55 to 59,Daylight,Intersection,Making U Turn,0,0,0,Dry,0,5,0,No Control,0,0,0
7966,Non-Fatal Injury,,,Yes,,2011-11-13T00:00:00,,Etobicoke York,Driving Properly,,26,18,South,None,45 to 49,"Dark, artificial",Mid-Block,Going Ahead,0,0,0,Dry,0,4,0,No Control,0,0,0
7968,Non-Fatal Injury,Yes,,Yes,,2011-11-14T00:00:00,,Scarborough,Driving Properly,,131,17,East,None,80 to 84,"Dusk, artificial",Intersection,Turning Left,0,0,0,Wet,0,4,0,Passive Control,0,0,0
7970,Non-Fatal Injury,Yes,,Yes,,2011-11-14T00:00:00,,Scarborough,Following too Close,,131,17,East,None,50 to 54,"Dusk, artificial",Intersection,Turning Left,0,0,0,Wet,0,4,0,Passive Control,0,0,0
7971,Non-Fatal Injury,,,Yes,,2011-11-15T00:00:00,,Toronto and East York,Driving Properly,,81,10,East,None,75 to 79,Daylight,Intersection,Going Ahead,0,0,0,Dry,0,4,0,Passive Control,0,0,0
7973,Non-Fatal Injury,Yes,,Yes,,2011-11-16T00:00:00,,Etobicoke York,Following too Close,,17,9,East,None,35 to 39,Daylight,Mid-Block,Slowing or Stopping,0,0,0,Dry,0,4,0,No Control,0,0,0
7974,Non-Fatal Injury,Yes,,Yes,,2011-11-16T00:00:00,,Etobicoke York,Driving Properly,,17,9,East,Major,35 to 39,Daylight,Mid-Block,Stopped,0,0,0,Dry,0,4,0,No Control,0,0,0
7976,Non-Fatal Injury,,,Yes,,2011-11-16T00:00:00,,Toronto and East York,Driving Properly,,78,16,East,None,40 to 44,Dusk,Mid-Block,Turning Right,0,0,0,Dry,0,3,0,No Control,0,0,0
7979,Non-Fatal Injury,,,Yes,,2011-11-16T00:00:00,,North York,Driving Properly,,44,17,South,None,15 to 19,Dark,Mid-Block,Going Ahead,0,0,0,Dry,0,4,0,No Control,0,0,0
7982,Non-Fatal Injury,,,Yes,,2011-11-18T00:00:00,Yes,Toronto and East York,Driving Properly,,101,15,North,None,50 to 54,Daylight,Mid-Block,Going Ahead,0,0,0,Dry,0,4,0,No Control,0,0,0
7984,Non-Fatal Injury,,,Yes,,2011-11-18T00:00:00,Yes,Toronto and East York,Lost control,,101,15,North,Major,50 to 54,Daylight,Mid-Block,Going Ahead,0,0,0,Dry,0,4,0,No Control,0,0,0
7985,Non-Fatal Injury,,,Yes,,2011-11-22T00:00:00,,Toronto and East York,,,78,18,South,None,50 to 54,Dark,Intersection,Going Ahead,0,0,0,Wet,0,4,0,Passive Control,0,0,5
7987,Non-Fatal Injury,,,Yes,,2011-11-22T00:00:00,Yes,Etobicoke York,Other,,24,20,East,Major,70 to 74,"Dark, artificial",Mid-Block,Unknown,0,0,0,Wet,0,0,0,No Control,0,0,5
7991,Non-Fatal Injury,,,Yes,,2011-11-22T00:00:00,,Toronto and East York,Driving Properly,,95,21,South,None,55 to 59,"Dark, artificial",Intersection,Going Ahead,0,0,0,Wet,0,4,0,No Control,0,0,5
7993,Non-Fatal Injury,Yes,,Yes,,2011-11-23T00:00:00,,North York,Failed to Yield Right of Way,,33,1,South,None,45 to 49,"Dark, artificial",Intersection,Turning Left,0,0,0,Wet,0,4,0,Passive Control,0,0,5
7995,Non-Fatal Injury,,,Yes,,2011-11-23T00:00:00,,North York,Driving Properly,,34,22,North,None,30 to 34,"Dark, artificial",Mid-Block,Going Ahead,0,0,0,Dry,0,4,0,No Control,0,0,0
7998,Non-Fatal Injury,,,,Yes,2011-11-24T00:00:00,,Toronto and East York,Driving Properly,,87,14,North,None,50 to 54,Daylight,Intersection,Going Ahead,0,0,0,Dry,0,0,0,Passive Control,1,0,0
8001,Non-Fatal Injury,,,Yes,,2011-11-24T00:00:00,,Etobicoke York,Driving Properly,,1,20,East,None,45 to 49,Dark,Mid-Block,Slowing or Stopping,0,0,0,Dry,0,4,0,No Control,0,0,0
8005,Non-Fatal Injury,,,Yes,Yes,2011-11-25T00:00:00,,Toronto and East York,Driving Properly,,75,9,West,None,35 to 39,Daylight,Intersection,Going Ahead,0,0,0,Dry,0,4,0,Passive Control,0,1,0
8007,Non-Fatal Injury,,,Yes,Yes,2011-11-25T00:00:00,,Toronto and East York,Driving Properly,,75,9,West,None,55 to 59,Daylight,Intersection,Going Ahead,0,0,0,Dry,0,4,0,Passive Control,0,1,0
8009,Non-Fatal Injury,Yes,,Yes,Yes,2011-11-25T00:00:00,,Scarborough,Following too Close,,131,15,West,None,55 to 59,Daylight,Intersection,Going Ahead,0,0,0,Dry,0,4,0,No Control,0,0,0
8011,Non-Fatal Injury,,,Yes,Yes,2011-11-25T00:00:00,,North York,Improper Turn,,42,16,West,None,20 to 24,Daylight,Intersection,Turning Left,0,0,0,Dry,0,4,0,Passive Control,0,0,0
8015,Fatal,Yes,,Yes,,2012-11-01T00:00:00,,North York,Driving Properly,,31,6,East,None,45 to 49,Dark,Mid-Block,Going Ahead,0,0,0,Wet,0,4,0,No Control,0,0,5
8018,Fatal,Yes,,Yes,,2012-11-01T00:00:00,,North York,Driving Properly,,31,6,East,None,50 to 54,Dark,Mid-Block,Changing Lanes,0,0,0,Wet,0,4,0,No Control,0,0,5
8019,Fatal,Yes,,Yes,,2012-11-01T00:00:00,,North York,Driving Properly,,31,6,West,None,25 to 29,Dark,Mid-Block,Going Ahead,0,0,0,Wet,0,4,0,No Control,0,0,5
8021,Non-Fatal Injury,,,Yes,,2012-11-01T00:00:00,,North York,Other,,102,6,East,None,Unknown,Dark,Intersection,Going Ahead,0,0,0,Wet,0,4,0,No Control,0,0,5
8023,Non-Fatal Injury,,,Yes,,2012-11-01T00:00:00,,Scarborough,Driving Properly,,131,7,North,None,45 to 49,Daylight,Intersection,Going Ahead,0,0,0,Wet,0,0,0,No Control,0,0,5