,ACCLASS,AG_DRIV,ALCOHOL,AUTOMOBILE,CYCLIST,DATE,DISABILITY,DISTRICT,DRIVACT,EMERG_VEH,HOOD_ID,HOUR,INITDIR,INJURY,INVAGE,LIGHT,LOCCOORD,MANOEUVER,MOTORCYCLE,PASSENGER,PEDESTRIAN,RDSFCOND,REDLIGHT,ROAD_CLASS,SPEEDING,TRAFFCTL,TRSN_CITY_VEH,TRUCK,VISIBILITY
8025,Non-Fatal Injury,,,Yes,,2012-11-01T00:00:00,,North York,Driving Properly,,119,21,South,None,30 to 34,"Dark, artificial",Mid-Block,Going Ahead,0,0,0,Dry,0,4,0,No Control,0,0,0
8026,Non-Fatal Injury,Yes,,Yes,,2012-06-22T00:00:00,,North York,Failed to Yield Right of Way,,45,19,North,None,30 to 34,Daylight,Intersection,Turning Left,0,0,0,Dry,0,4,0,Passive Control,0,0,0
8028,Non-Fatal Injury,,,Yes,,2012-11-01T00:00:00,,North York,Improper Turn,,119,21,South,Major,20 to 24,"Dark, artificial",Mid-Block,Making U Turn,0,0,0,Dry,0,4,0,No Control,0,0,0
8029,Non-Fatal Injury,Yes,,Yes,,2012-11-02T00:00:00,,Toronto and East York,Failed to Yield Right of Way,,107,1,South,None,55 to 59,Daylight,Intersection,Turning Left,0,0,0,Dry,0,5,0,Passive Control,0,0,0
8032,Non-Fatal Injury,Yes,,Yes,,2012-11-02T00:00:00,,North York,Driving Properly,,56,19,South,None,50 to 54,"Dusk, artificial",Intersection,Going Ahead,0,0,0,Dry,0,4,0,Passive Control,0,0,0
8033,Non-Fatal Injury,Yes,,Yes,,2012-11-02T00:00:00,,North York,Disobeyed Traffic Control,,56,19,West,None,35 to 39,"Dusk, artificial",Intersection,Going Ahead,0,0,0,Dry,0,4,0,Passive Control,0,0,0
8035,Non-Fatal Injury,Yes,,Yes,,2012-11-02T00:00:00,,North York,Driving Properly,,56,19,East,Major,70 to 74,"Dusk, artificial",Intersection,Slowing or Stopping,0,0,0,Dry,0,4,0,Passive Control,0,0,0
8042,Non-Fatal Injury,Yes,,Yes,,2012-11-03T00:00:00,,Toronto and East York,Exceeding Speed Limit,,91,2,West,Major,20 to 24,"Dark, artificial",Intersection,Going Ahead,0,0,0,Dry,0,4,1,Passive Control,0,0,0
8044,Non-Fatal Injury,,,Yes,Yes,2012-11-05T00:00:00,,Toronto and East York,Other,,81,13,West,None,55 to 59,Daylight,Mid-Block,Parked,0,0,0,Dry,0,4,0,No Control,0,0,0
8046,Non-Fatal Injury,Yes,,Yes,,2012-11-06T00:00:00,,Toronto and East York,Disobeyed Traffic Control,,71,17,North,None,65 to 69,Dusk,Intersection,Going Ahead,0,0,0,Dry,0,4,0,Passive Control,0,0,0
8048,Fatal,,,Yes,Yes,2012-11-07T00:00:00,,Toronto and East York,Driving Properly,,76,14,North,None,30 to 34,Daylight,Intersection,Going Ahead,0,0,0,Dry,0,4,0,Passive Control,0,0,0
8051,Non-Fatal Injury,,,Yes,Yes,2012-11-07T00:00:00,,Toronto and East York,Other,,63,18,South,None,Unknown,Dark,Intersection,Unknown,0,0,0,Dry,0,4,0,Passive Control,0,0,0
8053,Non-Fatal Injury,Yes,,Yes,,2012-11-09T00:00:00,,North York,Failed to Yield Right of Way,,40,11,West,Major,85 to 89,Daylight,Intersection,Turning Left,0,0,0,Dry,0,4,0,Passive Control,0,0,0
8054,Non-Fatal Injury,Yes,,Yes,,2012-11-09T00:00:00,,North York,Driving Properly,,40,11,East,None,50 to 54,Daylight,Intersection,Going Ahead,0,0,0,Dry,0,4,0,Passive Control,0,0,0
8056,Non-Fatal Injury,,,Yes,,2012-11-09T00:00:00,,Toronto and East York,Lost control,,82,22,West,Major,30 to 34,"Dark, artificial",Mid-Block,Going Ahead,0,0,0,Wet,0,4,0,No Control,0,0,5
8057,Non-Fatal Injury,,,Yes,,2012-11-09T00:00:00,,Toronto and East York,Driving Properly,,82,22,East,None,50 to 54,"Dark, artificial",Mid-Block,Going Ahead,0,0,0,Wet,0,4,0,No Control,0,0,5
8059,Non-Fatal Injury,Yes,Yes,Yes,,2012-11-12T00:00:00,,Scarborough,Driving Properly,,118,20,West,None,85 to 89,"Dark, artificial",Intersection,Going Ahead,0,0,0,Wet,0,4,0,Passive Control,0,0,5
8061,Non-Fatal Injury,Yes,Yes,Yes,,2012-11-12T00:00:00,,Scarborough,Failed to Yield Right of Way,,118,20,East,None,45 to 49,"Dark, artificial",Intersection,Turning Left,0,0,0,Wet,0,4,0,Passive Control,0,0,5
8063,Non-Fatal Injury,,,,,2012-11-13T00:00:00,,Toronto and East York,Driving Properly,,73,4,West,None,50 to 54,Dark,Mid-Block,Pulling Away from Shoulder or Curb,0,0,0,Dry,0,4,0,No Control,0,1,0
8066,Non-Fatal Injury,,,,Yes,2012-11-13T00:00:00,,Toronto and East York,Improper Turn,,75,8,West,None,35 to 39,Daylight,Intersection,Turning Right,0,0,0,Dry,0,4,0,Passive Control,0,1,0
8068,Non-Fatal Injury,,,Yes,,2012-11-15T00:00:00,,Etobicoke York,Improper Turn,,112,6,North,None,65 to 69,"Dark, artificial",Intersection,Turning Left,0,0,0,Dry,0,4,0,No Control,0,0,0
8071,Non-Fatal Injury,,,Yes,,2012-11-15T00:00:00,,Etobicoke York,Driving Properly,,112,6,South,Major,25 to 29,"Dark, artificial",Intersection,Going Ahead,0,0,0,Dry,0,4,0,No Control,0,0,0
8072,Non-Fatal Injury,,,Yes,,2012-11-16T00:00:00,,North York,Driving Properly,,51,17,East,None,40 to 44,"Dark, artificial",Intersection,Going Ahead,0,0,0,Dry,0,4,0,No Control,0,0,0
8076,Non-Fatal Injury,Yes,,Yes,,2012-11-16T00:00:00,,Toronto and East York,Failed to Yield Right of Way,,75,22,East,Major,45 to 49,Dark,Mid-Block,Making U Turn,0,0,0,Dry,0,4,0,No Control,0,0,0
8079,Non-Fatal Injury,Yes,,Yes,,2012-11-16T00:00:00,,Toronto and East York,Driving Properly,,75,22,West,Major,25 to 29,Dark,Mid-Block,Going Ahead,0,0,0,Dry,0,4,0,No Control,0,0,0
8081,Non-Fatal Injury,Yes,,Yes,,2012-11-18T00:00:00,,Toronto and East York,Failed to Yield Right of Way,,72,1,North,None,Unknown,"Dark, artificial",Intersection,Turning Left,0,0,0,Dry,0,4,0,Active Control,0,0,0
8084,Non-Fatal Injury,,,Yes,,2012-11-20T00:00:00,,Toronto and East York,Lost control,,70,3,East,Major,20 to 24,"Dark, artificial",Intersection,Going Ahead,0,0,0,Dry,0,4,0,Passive Control,0,0,0
8089,Fatal,Yes,,Yes,Yes,2012-11-23T00:00:00,,Toronto and East York,Disobeyed Traffic Control,,92,6,East,None,60 to 64,"Dark, artificial",Intersection,Going Ahead,0,0,0,Dry,0,5,0,Passive Control,0,0,0
8090,Fatal,Yes,,Yes,Yes,2012-11-23T00:00:00,,Toronto and East York,Driving Properly,,92,6,West,None,20 to 24,"Dark, artificial",Intersection,Going Ahead,0,0,0,Dry,0,5,0,Passive Control,0,0,0
8091,Non-Fatal Injury,,,Yes,,2012-11-23T00:00:00,,Etobicoke York,Other,,115,17,West,Major,75 to 79,Dark,Intersection,Going Ahead,0,0,0,Dry,0,4,0,Passive Control,0,0,0
8092,Non-Fatal Injury,,,Yes,,2012-11-23T00:00:00,,Etobicoke York,Driving Properly,,115,17,West,None,35 to 39,Dark,Intersection,Stopped,0,0,0,Dry,0,4,0,Passive Control,0,0,0
8093,Non-Fatal Injury,,,Yes,,2012-11-23T00:00:00,,Etobicoke York,Driving Properly,,115,17,South,None,65 to 69,Dark,Intersection,Going Ahead,0,0,0,Dry,0,4,0,Passive Control,0,0,0
8095,Non-Fatal Injury,Yes,,Yes,,2012-11-24T00:00:00,,Toronto and East York,Failed to Yield Right of Way,,104,13,West,None,30 to 34,Daylight,Intersection,Turning Left,0,0,0,Dry,0,4,0,Passive Control,0,0,0
8099,Non-Fatal Injury,Yes,,Yes,,2012-11-24T00:00:00,,Scarborough,Speed too Fast For Condition,,126,21,South,Major,20 to 24,"Dark, artificial",Intersection,Going Ahead,0,0,0,Dry,0,4,1,No Control,0,0,0
8101,Non-Fatal Injury,,Yes,Yes,,2012-11-25T00:00:00,,Etobicoke York,Lost control,,17,1,West,Major,25 to 29,Dark,Intersection,Turning Left,0,0,0,Dry,0,5,0,Passive Control,0,0,0
8103,Non-Fatal Injury,,,Yes,Yes,2012-05-01T00:00:00,,Toronto and East York,Improper Turn,,54,8,South,None,35 to 39,Daylight,Mid-Block,Turning Right,0,0,0,Dry,0,4,0,No Control,0,0,0
8104,Non-Fatal Injury,,,Yes,,2012-11-26T00:00:00,,Etobicoke York,Other,,17,10,West,None,20 to 24,Daylight,Mid-Block,Other,0,0,0,Dry,0,4,0,No Control,0,1,0
8105,Non-Fatal Injury,,,Yes,,2012-11-26T00:00:00,,Etobicoke York,Driving Properly,,17,10,West,None,50 to 54,Daylight,Mid-Block,Going Ahead,0,0,0,Dry,0,4,0,No Control,0,1,0
8106,Non-Fatal Injury,,,Yes,,2012-11-26T00:00:00,,Etobicoke York,Lost control,,17,10,West,Minor,55 to 59,Daylight,Mid-Block,Slowing or Stopping,0,0,0,Dry,0,4,0,No Control,0,1,0
8107,Non-Fatal Injury,,,Yes,,2012-11-26T00:00:00,,Etobicoke York,Driving Properly,,17,10,West,Minimal,20 to 24,Daylight,Mid-Block,Going Ahead,0,0,0,Dry,0,4,0,No Control,0,1,0
8108,Non-Fatal Injury,,,Yes,Yes,2012-11-26T00:00:00,,Toronto and East York,Other,,76,14,East,None,40 to 44,Daylight,Mid-Block,Stopped,0,0,0,Dry,0,4,0,No Control,0,0,0
8111,Non-Fatal Injury,Yes,,Yes,,2012-11-27T00:00:00,,Etobicoke York,Lost control,,8,2,South,Major,30 to 34,"Dark, artificial",Mid-Block,Going Ahead,0,0,0,Dry,0,4,1,No Control,0,0,0
8114,Fatal,,,Yes,,2012-11-27T00:00:00,,Scarborough,Driving Properly,,129,17,North,None,65 to 69,"Dark, artificial",Intersection,Slowing or Stopping,0,0,0,Dry,0,4,0,No Control,0,0,0
8117,Non-Fatal Injury,Yes,,Yes,,2012-11-28T00:00:00,,Etobicoke York,Driving Properly,,10,10,North,Minimal,70 to 74,Daylight,Intersection,Going Ahead,0,0,0,Dry,0,4,0,Passive Control,0,1,0
8118,Non-Fatal Injury,Yes,,Yes,,2012-11-28T00:00:00,,Etobicoke York,Driving Properly,,10,10,South,None,35 to 39,Daylight,Intersection,Going Ahead,0,0,0,Dry,0,4,0,Passive Control,0,1,0
8119,Non-Fatal Injury,Yes,,Yes,,2012-04-02T00:00:00,,Toronto and East York,Failed to Yield Right of Way,,70,10,South,None,30 to 34,Daylight,Intersection,Turning Left,0,0,0,Dry,0,5,0,Passive Control,0,0,0
8122,Non-Fatal Injury,,,Yes,Yes,2012-06-02T00:00:00,,North York,Other,,41,12,North,None,70 to 74,Daylight,Mid-Block,Reversing,0,0,0,Dry,0,3,0,No Control,0,0,0
8127,Non-Fatal Injury,Yes,,,,2012-10-10T00:00:00,,Scarborough,Failed to Yield Right of Way,,118,14,South,None,60 to 64,Daylight,Intersection,Turning Right,0,0,0,Dry,0,4,0,Passive Control,0,1,0
8130,Non-Fatal Injury,,,,,2012-09-15T00:00:00,,Scarborough,Lost control,,121,12,East,Major,45 to 49,Daylight,Intersection,Turning Left,0,0,0,Dry,0,5,0,Passive Control,0,0,0
8135,Non-Fatal Injury,,,Yes,,2012-06-23T00:00:00,,Etobicoke York,Lost control,,25,13,West,None,65 to 69,Daylight,Mid-Block,Changing Lanes,0,0,0,Dry,0,4,0,No Control,0,0,0
8136,Non-Fatal Injury,Yes,,Yes,,2012-04-02T00:00:00,,Scarborough,Failed to Yield Right of Way,,120,15,West,None,45 to 49,Daylight,Intersection,Turning Left,0,0,0,Dry,0,4,0,Passive Control,0,0,0
8137,Non-Fatal Injury,Yes,,Yes,,2012-03-04T00:00:00,,Scarborough,Failed to Yield Right of Way,,132,9,South,None,30 to 34,Daylight,Intersection,Turning Left,0,0,0,Dry,0,5,0,Passive Control,0,0,0
8138,Non-Fatal Injury,,,Yes,,2012-10-11T00:00:00,,Toronto and East York,Driving Properly,,81,7,South,Major,20 to 24,Daylight,Intersection,Going Ahead,0,0,0,Dry,0,4,0,No Control,0,0,0
8139,Non-Fatal Injury,,,,Yes,2012-06-03T00:00:00,,Toronto and East York,Other,,79,17,East,None,25 to 29,Daylight,Intersection,Parked,0,0,0,Dry,0,4,0,No Control,0,0,0
8141,Non-Fatal Injury,Yes,,Yes,,2012-09-15T00:00:00,,Toronto and East York,Failed to Yield Right of Way,,68,16,East,None,45 to 49,Daylight,Intersection,Turning Right,0,0,0,Dry,0,4,0,Passive Control,0,0,0
8144,Non-Fatal Injury,Yes,,Yes,,2012-03-05T00:00:00,,Toronto and East York,Failed to Yield Right of Way,,61,12,South,None,50 to 54,Daylight,Mid-Block,Going Ahead,0,0,0,Dry,0,6,0,No Control,0,0,0
8146,Non-Fatal Injury,Yes,,Yes,,2012-05-01T00:00:00,,Scarborough,Lost control,,137,18,North,Major,45 to 49,Daylight,Intersection,Unknown,0,0,0,Dry,0,4,1,No Control,0,0,0
8151,Non-Fatal Injury,Yes,,,Yes,2012-09-16T00:00:00,,Toronto and East York,Following too Close,,94,1,East,Major,60 to 64,"Dark, artificial",Intersection,Going Ahead,0,0,0,Dry,0,5,0,No Control,0,0,0
8153,Non-Fatal Injury,,,Yes,,2012-09-16T00:00:00,,Toronto and East York,Other,,94,1,East,None,25 to 29,Dark,Intersection,Going Ahead,0,0,0,Dry,0,5,0,No Control,0,0,0
8156,Non-Fatal Injury,Yes,Yes,Yes,,2012-09-16T00:00:00,,Toronto and East York,Lost control,,82,1,North,Minimal,35 to 39,"Dark, artificial",Mid-Block,Going Ahead,0,0,0,Dry,0,3,0,Passive Control,0,0,0
8161,Non-Fatal Injury,Yes,,,Yes,2012-09-17T00:00:00,,Toronto and East York,Improper Passing,,77,8,North,None,45 to 49,Daylight,Intersection,Overtaking,0,0,0,Dry,0,4,0,Passive Control,0,1,0
8166,Non-Fatal Injury,Yes,,Yes,,2012-09-17T00:00:00,,North York,Following too Close,,52,16,North,Major,55 to 59,Daylight,Intersection,Going Ahead,0,0,0,Dry,0,4,0,No Control,0,0,0
8167,Non-Fatal Injury,Yes,,Yes,,2012-09-17T00:00:00,,North York,Driving Properly,,52,16,North,None,50 to 54,Daylight,Intersection,Slowing or Stopping,0,0,0,Dry,0,4,0,No Control,0,0,0
8169,Non-Fatal Injury,,,Yes,,2012-09-19T00:00:00,,Scarborough,Driving Properly,,130,18,North,None,45 to 49,Dusk,Intersection,Turning Left,0,0,0,Dry,0,4,0,Passive Control,1,0,0
8171,Non-Fatal Injury,,,,,2012-09-20T00:00:00,,Toronto and East York,Lost control,,70,7,West,Major,45 to 49,Daylight,Mid-Block,Going Ahead,0,0,0,Dry,0,5,0,No Control,0,0,0
8172,Non-Fatal Injury,Yes,Yes,Yes,,2012-09-21T00:00:00,,Etobicoke York,Disobeyed Traffic Control,,113,1,South,Minor,30 to 34,"Dark, artificial",Intersection,Going Ahead,0,0,0,Wet,0,4,0,Passive Control,0,0,5
8173,Non-Fatal Injury,Yes,Yes,Yes,,2012-09-21T00:00:00,,Etobicoke York,Driving Properly,,113,1,East,Major,40 to 44,"Dark, artificial",Intersection,Going Ahead,0,0,0,Wet,0,4,0,Passive Control,0,0,5
8175,Non-Fatal Injury,Yes,,Yes,,2012-09-21T00:00:00,,North York,Failed to Yield Right of Way,,102,9,East,None,70 to 74,Daylight,Intersection,Turning Left,0,0,0,Dry,0,4,0,Passive Control,0,0,0
8179,Non-Fatal Injury,Yes,,Yes,,2012-09-21T00:00:00,,Scarborough,Driving Properly,,116,10,East,None,25 to 29,Daylight,Intersection,Going Ahead,0,0,0,Dry,0,5,0,Passive Control,0,1,0
8180,Non-Fatal Injury,Yes,,Yes,,2012-09-21T00:00:00,,Scarborough,Disobeyed Traffic Control,,116,10,North,Major,45 to 49,Daylight,Intersection,Going Ahead,0,0,0,Dry,0,5,0,Passive Control,0,1,0
8182,Non-Fatal Injury,,,Yes,,2012-09-22T00:00:00,,Toronto and East York,Driving Properly,,77,15,West,None,40 to 44,Daylight,Intersection,Turning Left,0,0,0,Dry,0,5,0,Passive Control,0,0,0
8184,Fatal,,,Yes,,2012-09-22T00:00:00,,Etobicoke York,Lost control,,1,18,South,None,15 to 19,Daylight,Mid-Block,Going Ahead,0,0,0,Dry,0,0,0,No Control,0,0,0
8187,Non-Fatal Injury,,,Yes,,2012-09-24T00:00:00,,Toronto and East York,Driving Properly,,73,8,West,Major,60 to 64,Daylight,Intersection,Going Ahead,0,0,0,Dry,0,4,0,No Control,0,0,0
8189,Non-Fatal Injury,,,Yes,,2012-09-24T00:00:00,,North York,Driving Properly,,39,8,East,None,65 to 69,Daylight,Intersection,Going Ahead,0,0,0,Dry,0,4,0,Passive Control,0,0,0
8191,Non-Fatal Injury,Yes,,Yes,,2012-09-24T00:00:00,,Toronto and East York,Failed to Yield Right of Way,,88,8,South,None,35 to 39,Daylight,Intersection,Turning Left,0,0,0,Dry,0,4,0,Passive Control,0,0,0
8193,Non-Fatal Injury,Yes,,Yes,,2012-09-24T00:00:00,,Scarborough,Driving Properly,,124,16,South,None,50 to 54,Daylight,Intersection,Stopped,0,0,0,Other,0,4,0,Passive Control,0,0,0
8195,Non-Fatal Injury,Yes,,Yes,,2012-09-24T00:00:00,,Scarborough,Disobeyed Traffic Control,,124,16,West,None,20 to 24,Daylight,Intersection,Going Ahead,0,0,0,Other,0,4,0,Passive Control,0,0,0
8196,Non-Fatal Injury,Yes,,Yes,,2012-09-24T00:00:00,,Scarborough,Improper Turn,,124,16,East,Major,30 to 34,Daylight,Intersection,Turning Left,0,0,0,Other,0,4,0,Passive Control,0,0,0
8199,Non-Fatal Injury,Yes,,Yes,Yes,2012-09-25T00:00:00,,Toronto and East York,Failed to Yield Right of Way,,76,11,East,None,45 to 49,Daylight,Mid-Block,Stopped,0,0,0,Dry,0,4,0,No Control,0,0,0
8202,Non-Fatal Injury,,,Yes,Yes,2012-09-27T00:00:00,,Toronto and East York,Driving Properly,,77,20,West,None,45 to 49,"Dark, artificial",Intersection,Going Ahead,0,0,0,Dry,0,4,0,Passive Control,0,0,0
8205,Non-Fatal Injury,Yes,,Yes,,2012-09-28T00:00:00,,Toronto and East York,Improper Passing,,77,9,East,None,50 to 54,Daylight,Intersection,Turning Left,0,0,0,Dry,0,4,0,Passive Control,0,0,0
8208,Non-Fatal Injury,Yes,,Yes,Yes,2012-09-28T00:00:00,,North York,Improper Passing,,103,13,North,None,20 to 24,Daylight,Mid-Block,Going Ahead,0,0,0,Dry,0,4,0,No Control,0,0,0
8209,Non-Fatal Injury,Yes,,Yes,Yes,2012-09-28T00:00:00,,North York,,,103,13,North,Major,25 to 29,Daylight,Mid-Block,Going Ahead,0,0,0,Dry,0,4,0,No Control,0,0,0
8210,Non-Fatal Injury,,,Yes,,2012-09-30T00:00:00,,North York,Driving Properly,,107,10,West,None,35 to 39,Daylight,Mid-Block,Going Ahead,0,0,0,Dry,0,4,0,No Control,0,0,0
8213,Non-Fatal Injury,Yes,,Yes,,2012-10-01T00:00:00,,North York,Disobeyed Traffic Control,,42,10,North,Minor,60 to 64,Daylight,Intersection,Going Ahead,0,0,0,Dry,0,4,0,Passive Control,0,0,0
8214,Non-Fatal Injury,Yes,,Yes,,2012-10-01T00:00:00,,North York,Driving Properly,,42,10,West,None,50 to 54,Daylight,Intersection,Going Ahead,0,0,0,Dry,0,4,0,Passive Control,0,0,0
8217,Non-Fatal Injury,Yes,,Yes,,2012-10-01T00:00:00,,Toronto and East York,Failed to Yield Right of Way,,60,14,South,None,65 to 69,Daylight,Intersection,Turning Left,0,0,0,Dry,0,0,0,Passive Control,0,0,0
8219,Non-Fatal Injury,,,Yes,Yes,2012-10-02T00:00:00,,Toronto and East York,Improper Turn,,75,18,East,None,45 to 49,"Dark, artificial",Intersection,Turning Right,0,0,0,Dry,0,5,0,Passive Control,0,0,0
8223,Non-Fatal Injury,,,Yes,,2012-10-03T00:00:00,,Scarborough,Driving Properly,,123,14,West,None,40 to 44,Daylight,Intersection,Going Ahead,0,0,0,Wet,0,4,0,Passive Control,0,0,2
8226,Non-Fatal Injury,Yes,,,Yes,2012-10-04T00:00:00,,Toronto and East York,Improper Passing,,95,17,South,None,30 to 34,Daylight,Mid-Block,Slowing or Stopping,0,0,0,Dry,0,4,0,No Control,0,1,0
8229,Fatal,,,Yes,,2012-10-05T00:00:00,,Etobicoke York,Driving Properly,,111,14,North,Fatal,35 to 39,Daylight,Intersection,Going Ahead,0,0,0,Dry,0,4,0,No Control,0,0,0
8231,Fatal,,,Yes,,2012-10-05T00:00:00,,Etobicoke York,Improper Lane Change,,111,14,North,None,30 to 34,Daylight,Intersection,Changing Lanes,0,0,0,Dry,0,4,0,No Control,0,0,0
8232,Non-Fatal Injury,,,Yes,,2012-10-05T00:00:00,,North York,Driving Properly,,48,15,South,None,40 to 44,Daylight,Intersection,Going Ahead,0,0,0,Dry,0,3,0,No Control,0,0,0
8235,Non-Fatal Injury,,,,,2012-10-09T00:00:00,,Toronto and East York,Driving Properly,,92,12,West,None,30 to 34,Daylight,Intersection,Going Ahead,0,0,0,Dry,0,4,0,No Control,1,0,0
8237,Non-Fatal Injury,Yes,,,,2012-10-09T00:00:00,,Etobicoke York,Failed to Yield Right of Way,,1,17,East,None,55 to 59,Dusk,Intersection,Turning Right,0,0,0,Dry,0,4,0,Passive Control,0,1,0
8242,Non-Fatal Injury,Yes,,Yes,Yes,2012-10-10T00:00:00,,Etobicoke York,Failed to Yield Right of Way,,113,6,East,None,25 to 29,"Dark, artificial",Mid-Block,Turning Left,0,0,0,Dry,0,0,0,No Control,0,0,0
8245,Non-Fatal Injury,Yes,,Yes,,2012-08-22T00:00:00,,Etobicoke York,Driving Properly,,112,7,East,Major,25 to 29,Daylight,Intersection,Stopped,0,0,0,Dry,0,4,0,Passive Control,0,0,0
8246,Non-Fatal Injury,Yes,,Yes,,2012-04-02T00:00:00,,Scarborough,Driving Properly,,120,15,East,Major,25 to 29,Daylight,Intersection,Going Ahead,0,0,0,Dry,0,4,0,Passive Control,0,0,0
8249,Non-Fatal Injury,,,Yes,,2012-10-11T00:00:00,,Toronto and East York,Improper Turn,,81,7,East,None,50 to 54,Daylight,Intersection,Making U Turn,0,0,0,Dry,0,4,0,No Control,0,0,0
8251,Non-Fatal Injury,,,Yes,,2012-06-03T00:00:00,Yes,Scarborough,Driving Properly,,133,19,West,Major,40 to 44,Daylight,Intersection,Going Ahead,0,0,0,Dry,0,5,0,No Control,0,0,0
8252,Non-Fatal Injury,,,,,2012-06-24T00:00:00,,Toronto and East York,Driving Properly,,96,0,East,None,40 to 44,"Dark, artificial",Intersection,Going Ahead,0,0,0,Dry,0,4,0,No Control,1,0,0
8255,Non-Fatal Injury,Yes,,Yes,,2012-10-11T00:00:00,,Etobicoke York,Driving Properly,,113,13,West,Major,70 to 74,Daylight,Mid-Block,Slowing or Stopping,0,0,0,Dry,0,0,0,No Control,0,0,0
8256,Non-Fatal Injury,,,Yes,,2012-06-03T00:00:00,Yes,Scarborough,Improper Turn,,133,19,East,None,40 to 44,Daylight,Intersection,Turning Left,0,0,0,Dry,0,5,0,No Control,0,0,0
8261,Non-Fatal Injury,,,Yes,,2012-06-25T00:00:00,,Toronto and East York,Lost control,,98,10,West,Major,60 to 64,Daylight,Mid-Block,Going Ahead,0,0,0,Dry,0,0,0,No Control,0,0,0
8263,Non-Fatal Injury,,,Yes,Yes,2012-06-25T00:00:00,,Etobicoke York,Improper Lane Change,,11,12,West,None,60 to 64,Daylight,Mid-Block,Merging,0,0,0,Dry,0,5,0,No Control,0,0,0
8265,Non-Fatal Injury,,,Yes,Yes,2012-06-26T00:00:00,,Toronto and East York,Driving Properly,,78,16,West,None,45 to 49,Daylight,Intersection,Turning Right,0,0,0,Dry,0,4,0,Passive Control,0,0,0
8266,Non-Fatal Injury,Yes,,,,2012-03-07T00:00:00,,Toronto and East York,Failed to Yield Right of Way,,63,15,West,None,45 to 49,Daylight,Intersection,Going Ahead,0,0,0,Dry,0,5,0,No Control,0,1,0
8268,Non-Fatal Injury,,,Yes,Yes,2012-06-27T00:00:00,,North York,Driving Properly,,33,19,North,None,60 to 64,Daylight,Intersection,Going Ahead,0,0,0,Dry,0,4,0,Passive Control,0,0,0
8270,Non-Fatal Injury,,,Yes,Yes,2012-06-28T00:00:00,,Toronto and East York,Driving Properly,,76,1,West,None,40 to 44,"Dark, artificial",Intersection,Turning Left,0,0,0,Dry,0,4,0,Passive Control,0,0,0
8273,Non-Fatal Injury,,,,,2012-06-29T00:00:00,,Toronto and East York,Driving Properly,,92,10,North,None,45 to 49,Daylight,Intersection,Changing Lanes,0,0,0,Dry,0,4,0,No Control,1,0,0
8275,Non-Fatal Injury,Yes,,Yes,,2012-06-29T00:00:00,,Toronto and East York,Failed to Yield Right of Way,,89,18,North,None,45 to 49,Daylight,Intersection,Going Ahead,0,0,0,Dry,0,4,0,Passive Control,0,0,0
8277,Non-Fatal Injury,Yes,,Yes,,2012-07-01T00:00:00,,Etobicoke York,Failed to Yield Right of Way,,2,19,North,None,50 to 54,Daylight,Intersection,Turning Left,0,0,0,Dry,0,4,0,Passive Control,0,0,0
8279,Non-Fatal Injury,Yes,,,,2012-07-02T00:00:00,,Etobicoke York,Speed too Fast For Condition,,2,18,West,Major,25 to 29,Daylight,Mid-Block,Going Ahead,0,0,0,Dry,0,4,1,No Control,0,0,0
8281,Non-Fatal Injury,,,Yes,,2012-07-04T00:00:00,,Toronto and East York,Improper Turn,,71,10,West,None,25 to 29,Daylight,Intersection,Turning Right,0,0,0,Dry,0,4,0,Passive Control,0,0,0
8283,Non-Fatal Injury,,,,,2012-07-04T00:00:00,,Etobicoke York,Driving Properly,,17,16,South,None,25 to 29,Daylight,Intersection,Going Ahead,0,0,0,Dry,0,4,0,No Control,0,0,0
8285,Non-Fatal Injury,,,Yes,,2012-07-05T00:00:00,,Scarborough,Lost control,,126,12,North,Minimal,75 to 79,Daylight,Mid-Block,Going Ahead,0,0,0,Dry,0,4,0,No Control,0,1,0
8286,Non-Fatal Injury,,,Yes,,2012-07-05T00:00:00,,Scarborough,Driving Properly,,126,12,South,Major,20 to 24,Daylight,Mid-Block,Going Ahead,0,0,0,Dry,0,4,0,No Control,0,1,0
8287,Non-Fatal Injury,,,Yes,,2012-07-05T00:00:00,,Scarborough,Driving Properly,,126,12,South,Minor,50 to 54,Daylight,Mid-Block,Going Ahead,0,0,0,Dry,0,4,0,No Control,0,1,0
8288,Non-Fatal Injury,,,Yes,,2012-07-05T00:00:00,,Scarborough,Driving Properly,,126,12,South,None,30 to 34,Daylight,Mid-Block,Going Ahead,0,0,0,Dry,0,4,0,No Control,0,1,0
8291,Non-Fatal Injury,,,Yes,,2012-07-05T00:00:00,,Scarborough,Driving Properly,,126,12,South,Minor,45 to 49,Daylight,Mid-Block,Going Ahead,0,0,0,Dry,0,4,0,No Control,0,1,0