,ACCLASS,AG_DRIV,ALCOHOL,AUTOMOBILE,CYCLIST,DATE,DISABILITY,DISTRICT,DRIVACT,EMERG_VEH,HOOD_ID,HOUR,INITDIR,INJURY,INVAGE,LIGHT,LOCCOORD,MANOEUVER,MOTORCYCLE,PASSENGER,PEDESTRIAN,RDSFCOND,REDLIGHT,ROAD_CLASS,SPEEDING,TRAFFCTL,TRSN_CITY_VEH,TRUCK,VISIBILITY
8810,Non-Fatal Injury,,,Yes,,2012-09-01T00:00:00,,Toronto and East York,Driving Properly,,69,3,West,None,20 to 24,Dark,Intersection,Going Ahead,0,0,0,Dry,0,4,0,Passive Control,0,0,0
8813,Non-Fatal Injury,,,Yes,Yes,2012-09-02T00:00:00,,Toronto and East York,Improper Turn,,78,1,West,None,55 to 59,"Dark, artificial",Intersection,Making U Turn,0,0,0,Dry,0,4,0,No Control,0,0,0
8815,Non-Fatal Injury,Yes,,Yes,Yes,2012-09-02T00:00:00,,Etobicoke York,Failed to Yield Right of Way,,115,18,North,None,45 to 49,Daylight,Intersection,Turning Left,0,0,0,Dry,0,5,0,Passive Control,0,0,0
8817,Non-Fatal Injury,,,,,2012-09-03T00:00:00,,Etobicoke York,Lost control,,113,17,South,None,Unknown,Daylight,Intersection,Going Ahead,0,0,0,Dry,0,0,0,Passive Control,0,0,0
8819,Non-Fatal Injury,Yes,,Yes,,2012-09-05T00:00:00,,North York,Failed to Yield Right of Way,,50,16,North,None,65 to 69,Daylight,Intersection,Going Ahead,0,0,0,Dry,0,3,0,No Control,0,0,0
8822,Non-Fatal Injury,Yes,,Yes,Yes,2012-09-06T00:00:00,,Scarborough,Failed to Yield Right of Way,,124,6,North,None,50 to 54,"Daylight, artificial",Intersection,Turning Left,0,0,0,Dry,0,4,0,No Control,0,0,0
8825,Non-Fatal Injury,Yes,,Yes,Yes,2012-09-06T00:00:00,,Toronto and East York,Failed to Yield Right of Way,,75,14,East,None,60 to 64,Daylight,Intersection,Turning Left,0,0,0,Dry,0,4,0,No Control,0,0,0
8827,Non-Fatal Injury,Yes,,Yes,,2012-09-07T00:00:00,,Etobicoke York,Other,,17,5,South,Major,55 to 59,"Dark, artificial",Intersection,Going Ahead,0,0,0,Dry,0,5,0,Passive Control,0,0,0
8828,Non-Fatal Injury,Yes,,Yes,,2012-09-07T00:00:00,,Etobicoke York,Failed to Yield Right of Way,,17,5,North,None,55 to 59,"Dark, artificial",Intersection,Turning Left,0,0,0,Dry,0,5,0,Passive Control,0,0,0
8830,Non-Fatal Injury,Yes,,Yes,,2012-09-07T00:00:00,,North York,Failed to Yield Right of Way,,51,20,East,None,60 to 64,"Dark, artificial",Intersection,Turning Left,0,0,0,Dry,0,5,0,Passive Control,0,0,0
8833,Non-Fatal Injury,,,Yes,,2012-09-08T00:00:00,,North York,Other,,48,13,North,None,25 to 29,Daylight,Intersection,Going Ahead,0,0,0,Wet,0,0,0,No Control,0,0,5
8835,Non-Fatal Injury,Yes,,Yes,,2012-09-09T00:00:00,,North York,Failed to Yield Right of Way,,26,14,North,Major,35 to 39,Daylight,Mid-Block,Turning Left,0,0,0,Dry,0,4,0,No Control,0,0,0
8837,Non-Fatal Injury,Yes,,Yes,,2012-09-09T00:00:00,,North York,Driving Properly,,26,14,East,Minimal,40 to 44,Daylight,Mid-Block,Going Ahead,0,0,0,Dry,0,4,0,No Control,0,0,0
8839,Non-Fatal Injury,Yes,,Yes,,2012-09-09T00:00:00,,Toronto and East York,Failed to Yield Right of Way,,75,22,South,None,45 to 49,"Dark, artificial",Intersection,Turning Right,0,0,0,Dry,0,4,0,Passive Control,0,0,0
8841,Non-Fatal Injury,Yes,,Yes,,2012-09-10T00:00:00,,Etobicoke York,Driving Properly,,2,9,East,Major,45 to 49,Daylight,Intersection,Stopped,0,0,0,Dry,0,4,0,Passive Control,0,0,0
8842,Non-Fatal Injury,Yes,,Yes,,2012-09-10T00:00:00,,Etobicoke York,Following too Close,,2,9,East,None,Unknown,Daylight,Intersection,Going Ahead,0,0,0,Dry,0,4,0,Passive Control,0,0,0
8844,Fatal,Yes,,Yes,,2012-09-10T00:00:00,,North York,Failed to Yield Right of Way,,52,9,West,None,50 to 54,Daylight,Intersection,Turning Right,0,0,0,Dry,0,4,0,No Control,0,0,0
8846,Non-Fatal Injury,Yes,,Yes,,2012-09-10T00:00:00,,Scarborough,Driving Properly,,124,18,South,Major,50 to 54,Daylight,Intersection,Going Ahead,0,0,0,Dry,0,4,0,No Control,0,0,0
8848,Non-Fatal Injury,Yes,,Yes,,2012-09-10T00:00:00,,Scarborough,Failed to Yield Right of Way,,124,18,East,Minor,55 to 59,Daylight,Intersection,Turning Right,0,0,0,Dry,0,4,0,No Control,0,0,0
8849,Fatal,Yes,,Yes,,2012-09-11T00:00:00,,North York,Speed too Fast For Condition,,31,8,North,Fatal,20 to 24,Daylight,Intersection,Going Ahead,0,0,0,Dry,0,5,1,Passive Control,0,0,0
8851,Fatal,Yes,,Yes,,2012-09-11T00:00:00,,North York,Failed to Yield Right of Way,,31,8,West,None,45 to 49,Daylight,Intersection,Going Ahead,0,0,0,Dry,0,5,1,Passive Control,0,0,0
8852,Non-Fatal Injury,,,,,2012-09-13T00:00:00,,North York,Driving Properly,,119,6,North,Minor,20 to 24,Daylight,Intersection,Going Ahead,0,0,0,Dry,0,4,0,No Control,0,0,0
8855,Fatal,,,Yes,,2012-09-14T00:00:00,,Toronto and East York,Driving Properly,,85,1,West,None,35 to 39,"Dark, artificial",Mid-Block,Going Ahead,0,0,0,Dry,0,4,0,No Control,0,0,0
8857,Fatal,,,Yes,,2012-09-14T00:00:00,,Toronto and East York,Lost control,,85,1,East,Fatal,30 to 34,"Dark, artificial",Mid-Block,Going Ahead,0,0,0,Dry,0,4,0,No Control,0,0,0
8858,Non-Fatal Injury,Yes,,Yes,,2012-09-15T00:00:00,,Scarborough,Failed to Yield Right of Way,,125,8,South,None,30 to 34,Daylight,Intersection,Turning Left,0,0,0,Dry,0,4,0,Passive Control,0,0,0
8861,Non-Fatal Injury,Yes,,Yes,,2012-04-07T00:00:00,,Etobicoke York,Driving Properly,,27,12,West,Major,50 to 54,Daylight,Intersection,Slowing or Stopping,0,0,0,Dry,0,4,0,Passive Control,0,0,0
8862,Non-Fatal Injury,Yes,,Yes,,2012-10-13T00:00:00,,Scarborough,Failed to Yield Right of Way,,130,23,South,Major,20 to 24,"Dark, artificial",Intersection,Turning Left,0,0,0,Wet,0,4,0,Passive Control,0,0,5
8863,Non-Fatal Injury,Yes,Yes,Yes,,2012-04-07T00:00:00,,Scarborough,Driving Properly,,122,20,East,Major,30 to 34,"Dusk, artificial",Intersection,Going Ahead,0,0,0,Dry,0,4,0,No Control,0,0,0
8865,Non-Fatal Injury,Yes,Yes,Yes,,2012-04-07T00:00:00,,Scarborough,Failed to Yield Right of Way,,122,20,West,None,50 to 54,"Dusk, artificial",Intersection,Turning Left,0,0,0,Dry,0,4,0,No Control,0,0,0
8866,Fatal,Yes,,Yes,,2012-10-14T00:00:00,,Etobicoke York,Speed too Fast For Condition,,110,4,West,Fatal,30 to 34,"Dark, artificial",Intersection,Going Ahead,0,0,0,Wet,0,5,1,Passive Control,0,0,5
8867,Non-Fatal Injury,,,Yes,,2012-04-10T00:00:00,,North York,Driving Properly,,51,14,North,None,35 to 39,Daylight,Intersection,Going Ahead,0,0,0,Dry,0,4,0,No Control,0,0,0
8870,Non-Fatal Injury,,,Yes,,2012-10-16T00:00:00,,Toronto and East York,Driving Properly,,70,9,North,Major,30 to 34,Daylight,Mid-Block,Going Ahead,0,0,0,Dry,0,5,0,No Control,0,0,0
8871,Non-Fatal Injury,,,Yes,,2012-10-16T00:00:00,,Toronto and East York,Improper Turn,,70,9,South,None,40 to 44,Daylight,Mid-Block,Making U Turn,0,0,0,Dry,0,5,0,No Control,0,0,0
8872,Non-Fatal Injury,Yes,,Yes,,2012-10-16T00:00:00,,Toronto and East York,Failed to Yield Right of Way,,95,10,South,Major,70 to 74,Daylight,Intersection,Turning Left,0,0,0,Dry,0,5,0,Passive Control,0,0,0
8873,Non-Fatal Injury,,,Yes,,2012-10-19T00:00:00,,North York,Driving Properly,,26,0,West,Major,60 to 64,Dark,Intersection,Going Ahead,0,0,0,Wet,0,4,0,Passive Control,0,0,0
8876,Non-Fatal Injury,Yes,,Yes,,2012-10-16T00:00:00,,Scarborough,Failed to Yield Right of Way,,127,19,East,None,50 to 54,"Dark, artificial",Intersection,Turning Left,0,0,0,Dry,0,4,0,Passive Control,0,0,0
8878,Non-Fatal Injury,,,Yes,,2012-10-17T00:00:00,,Scarborough,Driving Properly,,137,7,East,None,35 to 39,Daylight,Intersection,Going Ahead,0,0,0,Dry,0,4,0,Passive Control,0,0,0
8880,Non-Fatal Injury,Yes,,Yes,,2012-10-18T00:00:00,,Etobicoke York,Failed to Yield Right of Way,,110,19,North,None,Unknown,Dark,Intersection,Turning Left,0,0,0,Wet,0,5,0,Passive Control,0,0,5
8882,Non-Fatal Injury,Yes,,Yes,,2012-10-18T00:00:00,,Toronto and East York,Disobeyed Traffic Control,,77,21,West,None,20 to 24,"Dark, artificial",Intersection,Going Ahead,0,0,0,Wet,0,4,0,Passive Control,0,0,5
8885,Non-Fatal Injury,Yes,,Yes,,2012-10-18T00:00:00,,Toronto and East York,Driving Properly,,77,21,North,Minor,40 to 44,"Dark, artificial",Intersection,Going Ahead,0,0,0,Wet,0,4,0,Passive Control,0,0,5
8886,Non-Fatal Injury,,,Yes,,2012-10-19T00:00:00,,North York,Improper Lane Change,,26,0,West,Major,20 to 24,Dark,Intersection,Overtaking,0,0,0,Wet,0,4,0,Passive Control,0,0,0
8888,Non-Fatal Injury,,,Yes,,2012-10-19T00:00:00,,North York,Driving Properly,,26,0,East,Minor,60 to 64,Dark,Intersection,Going Ahead,0,0,0,Wet,0,4,0,Passive Control,0,0,0
8891,Non-Fatal Injury,,,Yes,,2012-10-19T00:00:00,,Etobicoke York,Lost control,,3,3,West,Major,20 to 24,Dark,Mid-Block,Going Ahead,0,0,0,Dry,0,4,0,No Control,0,0,0
8892,Non-Fatal Injury,,,Yes,,2012-10-19T00:00:00,,Toronto and East York,Driving Properly,,73,12,East,None,45 to 49,Daylight,Intersection,Going Ahead,0,0,0,Dry,0,4,0,Passive Control,0,0,0
8893,Non-Fatal Injury,,,Yes,,2012-10-19T00:00:00,,Toronto and East York,Improper Turn,,73,12,East,Major,55 to 59,Daylight,Intersection,Making U Turn,0,0,0,Dry,0,4,0,Passive Control,0,0,0
8896,Fatal,,,Yes,,2012-10-20T00:00:00,,North York,Lost control,,44,5,South,Fatal,15 to 19,"Dark, artificial",Mid-Block,Going Ahead,0,0,0,Wet,0,4,0,No Control,0,0,0
8898,Non-Fatal Injury,Yes,,Yes,,2012-10-20T00:00:00,,North York,Failed to Yield Right of Way,,56,9,South,None,80 to 84,Daylight,Intersection,Turning Left,0,0,0,Dry,0,4,0,Passive Control,0,0,0
8900,Non-Fatal Injury,Yes,,Yes,,2012-10-20T00:00:00,,Toronto and East York,Driving Properly,,93,11,East,Major,30 to 34,Daylight,Mid-Block,Going Ahead,0,0,0,Dry,0,4,0,No Control,0,0,0
8902,Non-Fatal Injury,Yes,,Yes,,2012-10-20T00:00:00,,Toronto and East York,Improper Turn,,93,11,West,None,60 to 64,Daylight,Mid-Block,Making U Turn,0,0,0,Dry,0,4,0,No Control,0,0,0
8905,Fatal,Yes,Yes,Yes,,2012-10-21T00:00:00,,Scarborough,Exceeding Speed Limit,,116,3,East,Minor,20 to 24,"Dark, artificial",Mid-Block,Going Ahead,0,0,0,Dry,0,5,1,No Control,0,0,0
8907,Non-Fatal Injury,,,Yes,,2012-10-22T00:00:00,,North York,Driving Properly,,27,7,West,None,65 to 69,Daylight,Mid-Block,Going Ahead,0,0,0,Dry,0,4,0,No Control,0,0,0
8909,Non-Fatal Injury,,,Yes,Yes,2012-10-22T00:00:00,,Scarborough,Improper Turn,,130,10,South,None,75 to 79,Daylight,Intersection,Turning Left,0,0,0,Dry,0,4,0,Passive Control,0,0,0
8911,Non-Fatal Injury,Yes,,Yes,,2012-10-22T00:00:00,,Toronto and East York,Failed to Yield Right of Way,,71,13,South,None,20 to 24,Daylight,Intersection,Turning Right,0,0,0,Dry,0,5,0,Passive Control,0,0,0
8913,Non-Fatal Injury,Yes,,Yes,,2012-10-22T00:00:00,,Scarborough,Following too Close,,118,15,East,Minimal,55 to 59,Daylight,Intersection,Going Ahead,0,0,0,Dry,0,5,0,No Control,0,0,0
8914,Non-Fatal Injury,Yes,,Yes,,2012-10-22T00:00:00,,Scarborough,Driving Properly,,118,15,East,Minimal,45 to 49,Daylight,Intersection,Stopped,0,0,0,Dry,0,5,0,No Control,0,0,0
8915,Non-Fatal Injury,Yes,,Yes,,2012-10-22T00:00:00,,Scarborough,Driving Properly,,118,15,East,Major,50 to 54,Daylight,Intersection,Stopped,0,0,0,Dry,0,5,0,No Control,0,0,0
8917,Non-Fatal Injury,,,Yes,,2012-10-23T00:00:00,,Etobicoke York,Driving Properly,,7,19,West,None,50 to 54,"Dark, artificial",Intersection,Going Ahead,0,0,0,Dry,0,4,0,Passive Control,0,0,0
8919,Non-Fatal Injury,Yes,,Yes,,2012-10-25T00:00:00,,Toronto and East York,Failed to Yield Right of Way,,75,6,West,None,45 to 49,"Dawn, artificial",Intersection,Turning Left,0,0,0,Dry,0,5,0,Passive Control,0,0,0
8921,Non-Fatal Injury,,,,,2012-10-25T00:00:00,,Toronto and East York,Driving Properly,,94,15,West,None,40 to 44,Daylight,Intersection,Going Ahead,0,0,0,Dry,0,4,0,No Control,1,0,0
8923,Non-Fatal Injury,,,,,2012-10-26T00:00:00,,North York,Other,,38,8,West,None,Unknown,Daylight,Mid-Block,Disabled,0,0,0,Dry,0,3,0,No Control,0,0,0
8926,Non-Fatal Injury,Yes,,Yes,,2012-10-27T00:00:00,,Scarborough,Failed to Yield Right of Way,,128,19,North,Minor,70 to 74,"Dark, artificial",Intersection,Turning Left,0,0,0,Wet,0,4,0,Passive Control,0,0,5
8929,Non-Fatal Injury,Yes,,Yes,,2012-10-27T00:00:00,,Scarborough,Driving Properly,,128,19,South,Minimal,20 to 24,"Dark, artificial",Intersection,Going Ahead,0,0,0,Wet,0,4,0,Passive Control,0,0,5
8932,Non-Fatal Injury,Yes,,Yes,,2012-10-28T00:00:00,,Etobicoke York,Failed to Yield Right of Way,,22,21,North,None,25 to 29,"Dark, artificial",Intersection,Turning Left,0,0,0,Wet,0,4,0,Passive Control,0,0,5
8934,Non-Fatal Injury,Yes,,Yes,,2012-10-28T00:00:00,,North York,Failed to Yield Right of Way,,104,22,North,None,Unknown,Dark,Intersection,Overtaking,0,0,0,Wet,0,4,0,No Control,0,0,5
8937,Non-Fatal Injury,Yes,,Yes,,2012-10-29T00:00:00,,North York,Failed to Yield Right of Way,,47,22,South,None,35 to 39,"Dark, artificial",Intersection,Turning Left,0,0,0,Wet,0,0,0,No Control,0,0,5
8938,Non-Fatal Injury,,,Yes,,2012-10-31T00:00:00,,North York,Improper Turn,,108,7,South,None,30 to 34,Dark,Intersection,Turning Right,0,0,0,Wet,0,5,0,Passive Control,0,0,5
8941,Non-Fatal Injury,Yes,,,,2012-04-11T00:00:00,,North York,Failed to Yield Right of Way,,108,10,East,None,25 to 29,Daylight,Intersection,Turning Right,0,0,0,Dry,0,4,0,Passive Control,0,1,0
8946,Non-Fatal Injury,,,Yes,,2012-04-13T00:00:00,,Toronto and East York,Lost control,,59,16,South,None,50 to 54,Daylight,Mid-Block,Going Ahead,0,0,0,Dry,0,5,0,No Control,0,0,0
8948,Non-Fatal Injury,Yes,,Yes,,2012-04-13T00:00:00,,Etobicoke York,Failed to Yield Right of Way,,5,18,North,None,50 to 54,Daylight,Intersection,Turning Left,0,0,0,Dry,0,4,0,Passive Control,0,0,0
8953,Non-Fatal Injury,Yes,,Yes,,2012-04-14T00:00:00,,North York,Driving Properly,,47,12,East,Major,40 to 44,Daylight,Intersection,Stopped,0,0,0,Dry,0,4,0,Passive Control,0,0,0
8954,Non-Fatal Injury,Yes,,Yes,,2012-04-14T00:00:00,,North York,Following too Close,,47,12,East,Major,40 to 44,Daylight,Intersection,Going Ahead,0,0,0,Dry,0,4,0,Passive Control,0,0,0
8956,Non-Fatal Injury,Yes,,,,2012-04-15T00:00:00,,North York,Disobeyed Traffic Control,,48,10,North,None,55 to 59,Daylight,Intersection,Turning Right,0,0,0,Wet,0,4,0,Passive Control,1,0,5
8959,Non-Fatal Injury,Yes,,Yes,,2012-04-15T00:00:00,,Scarborough,Improper Passing,,118,17,East,Major,15 to 19,Daylight,Mid-Block,Changing Lanes,0,0,0,Dry,0,4,0,No Control,0,0,0
8960,Non-Fatal Injury,Yes,,Yes,,2012-04-15T00:00:00,,Scarborough,Driving Properly,,118,17,East,None,35 to 39,Daylight,Mid-Block,Going Ahead,0,0,0,Dry,0,4,0,No Control,0,0,0
8961,Non-Fatal Injury,Yes,,Yes,,2012-04-18T00:00:00,,Etobicoke York,Driving Properly,,115,11,East,None,70 to 74,Daylight,Intersection,Going Ahead,0,0,0,Dry,0,5,0,Passive Control,0,0,0
8964,Non-Fatal Injury,Yes,,Yes,,2012-04-18T00:00:00,,Etobicoke York,Failed to Yield Right of Way,,115,11,North,Minimal,55 to 59,Daylight,Intersection,Turning Left,0,0,0,Dry,0,5,0,Passive Control,0,0,0
8965,Non-Fatal Injury,Yes,Yes,Yes,,2012-04-18T00:00:00,,North York,Failed to Yield Right of Way,,37,23,South,None,35 to 39,"Dark, artificial",Intersection,Going Ahead,0,0,0,Dry,0,4,0,No Control,0,0,0
8967,Fatal,,,Yes,,2012-04-19T00:00:00,,Scarborough,Other,,131,12,North,Fatal,50 to 54,Daylight,Mid-Block,Going Ahead,0,0,0,Dry,0,4,0,No Control,0,0,0
8969,Non-Fatal Injury,Yes,,Yes,,2012-04-19T00:00:00,,Scarborough,Driving Properly,,132,14,South,Major,25 to 29,Daylight,Intersection,Going Ahead,0,0,0,Dry,0,4,0,Passive Control,0,0,0
8971,Non-Fatal Injury,Yes,,Yes,,2012-04-19T00:00:00,,Scarborough,Failed to Yield Right of Way,,132,14,North,None,30 to 34,Daylight,Intersection,Turning Left,0,0,0,Dry,0,4,0,Passive Control,0,0,0
8972,Non-Fatal Injury,,,Yes,Yes,2012-04-19T00:00:00,,Toronto and East York,Improper Turn,,95,21,North,None,45 to 49,"Dark, artificial",Intersection,Turning Left,0,0,0,Dry,0,5,0,Passive Control,0,0,0
8976,Non-Fatal Injury,Yes,,Yes,,2012-04-20T00:00:00,,Toronto and East York,Lost control,,85,1,East,Minimal,20 to 24,"Dark, artificial",Mid-Block,Going Ahead,0,0,0,Dry,0,4,1,No Control,0,0,0
8979,Non-Fatal Injury,,,Yes,,2012-04-20T00:00:00,,Toronto and East York,Lost control,,85,1,East,Minimal,20 to 24,"Dark, artificial",Mid-Block,Going Ahead,0,0,0,Dry,0,4,0,No Control,0,0,0
8981,Fatal,Yes,,,,2012-04-20T00:00:00,,Toronto and East York,Exceeding Speed Limit,,68,14,North,Fatal,35 to 39,Daylight,Mid-Block,Going Ahead,0,0,0,Dry,0,4,1,No Control,0,0,0
8982,Non-Fatal Injury,,,Yes,,2012-04-21T00:00:00,,Etobicoke York,Other,,90,2,West,Major,30 to 34,"Dark, artificial",Mid-Block,Going Ahead,0,0,0,Wet,0,4,0,No Control,0,0,5
8984,Fatal,,,Yes,,2012-04-21T00:00:00,,Scarborough,Driving Properly,,131,20,South,None,20 to 24,"Dark, artificial",Intersection,Going Ahead,0,0,0,Dry,0,4,0,Passive Control,0,0,0
8987,Non-Fatal Injury,,,Yes,,2012-04-22T00:00:00,,Etobicoke York,Driving Properly,,10,4,East,Minor,30 to 34,"Dark, artificial",Mid-Block,Going Ahead,0,0,0,Dry,0,4,0,No Control,0,0,0
8989,Non-Fatal Injury,,,Yes,,2012-04-22T00:00:00,,Etobicoke York,Lost control,,10,4,West,Minimal,15 to 19,"Dark, artificial",Mid-Block,Going Ahead,0,0,0,Dry,0,4,0,No Control,0,0,0
8991,Non-Fatal Injury,,,Yes,Yes,2012-04-22T00:00:00,,North York,Driving Properly,,119,13,North,None,65 to 69,Daylight,Intersection,Stopped,0,0,0,Dry,0,4,0,Passive Control,0,0,0
8993,Non-Fatal Injury,,,Yes,Yes,2012-04-22T00:00:00,,North York,Lost control,,119,13,North,None,35 to 39,Daylight,Intersection,Going Ahead,0,0,0,Dry,0,4,0,Passive Control,0,0,0
8997,Non-Fatal Injury,Yes,,Yes,,2012-04-24T00:00:00,,Scarborough,Driving Properly,,121,18,East,Major,60 to 64,Daylight,Intersection,Going Ahead,0,0,0,Wet,0,5,0,Passive Control,0,0,0
8999,Non-Fatal Injury,Yes,,Yes,,2012-04-24T00:00:00,,Scarborough,Failed to Yield Right of Way,,121,18,South,None,35 to 39,Daylight,Intersection,Turning Right,0,0,0,Wet,0,5,0,Passive Control,0,0,0
9000,Non-Fatal Injury,Yes,,Yes,,2012-04-27T00:00:00,,North York,Failed to Yield Right of Way,,120,16,West,None,50 to 54,Daylight,Mid-Block,Turning Left,0,0,0,Dry,0,4,0,No Control,0,0,0
9002,Non-Fatal Injury,,,Yes,,2012-04-28T00:00:00,,Toronto and East York,Driving Properly,,73,13,South,None,35 to 39,Daylight,Intersection,Going Ahead,0,0,0,Dry,0,4,0,Passive Control,0,0,0
9005,Non-Fatal Injury,,,Yes,,2012-04-28T00:00:00,,Scarborough,Driving Properly,,137,21,West,None,65 to 69,Dark,Intersection,Going Ahead,0,0,0,Dry,0,4,0,Passive Control,0,0,0
9008,Non-Fatal Injury,,,Yes,,2012-04-29T00:00:00,,Toronto and East York,Other,,86,13,South,None,35 to 39,Daylight,Intersection,Reversing,0,0,0,Dry,0,0,0,No Control,0,0,0
9011,Non-Fatal Injury,Yes,Yes,Yes,,2012-04-29T00:00:00,,North York,Improper Turn,,42,21,North,None,45 to 49,Dark,Mid-Block,Making U Turn,0,0,0,Dry,0,4,0,No Control,0,0,0
9012,Non-Fatal Injury,Yes,Yes,Yes,,2012-04-29T00:00:00,,North York,Driving Properly,,42,21,North,Major,45 to 49,Dark,Mid-Block,Going Ahead,0,0,0,Dry,0,4,0,No Control,0,0,0
9014,Non-Fatal Injury,Yes,,Yes,,2012-04-30T00:00:00,,Toronto and East York,Failed to Yield Right of Way,,92,15,East,None,20 to 24,Daylight,Intersection,Turning Left,0,0,0,Wet,0,4,0,Passive Control,0,0,5
9017,Non-Fatal Injury,Yes,,Yes,,2013-06-23T00:00:00,,Toronto and East York,Driving Properly,,85,16,East,None,35 to 39,Daylight,Mid-Block,Slowing or Stopping,0,0,0,Dry,0,4,0,No Control,0,0,0
9019,Non-Fatal Injury,,,,,2013-07-22T00:00:00,,Scarborough,Driving Properly,,139,18,West,None,50 to 54,Daylight,Intersection,Pulling Away from Shoulder or Curb,0,0,0,Dry,0,4,0,Passive Control,1,0,0
9021,Non-Fatal Injury,Yes,,Yes,,2013-05-10T00:00:00,,Toronto and East York,Following too Close,,70,13,East,None,25 to 29,Daylight,Intersection,Going Ahead,0,0,0,Wet,0,5,0,Passive Control,0,1,5
9022,Non-Fatal Injury,Yes,,Yes,,2013-04-10T00:00:00,,Scarborough,Improper Turn,,130,11,North,Minor,50 to 54,Daylight,Intersection,Turning Left,0,0,0,Wet,0,5,0,Passive Control,0,0,5
9025,Non-Fatal Injury,,,Yes,,2013-07-23T00:00:00,,Scarborough,Driving Properly,,135,17,West,Major,55 to 59,Daylight,Intersection,Going Ahead,0,0,0,Dry,0,4,0,No Control,0,0,0
9026,Non-Fatal Injury,,,Yes,,2013-07-23T00:00:00,,Scarborough,Lost control,,135,17,East,Major,40 to 44,Daylight,Intersection,Going Ahead,0,0,0,Dry,0,4,0,No Control,0,0,0
9027,Non-Fatal Injury,Yes,,Yes,Yes,2013-07-24T00:00:00,,Scarborough,Failed to Yield Right of Way,,121,6,South,None,60 to 64,Daylight,Intersection,Turning Right,0,0,0,Dry,0,4,0,No Control,0,0,0
9029,Non-Fatal Injury,,,Yes,,2013-07-24T00:00:00,,North York,Other,,37,11,South,None,25 to 29,Daylight,Mid-Block,Reversing,0,0,0,Dry,0,3,0,No Control,0,0,0
9032,Non-Fatal Injury,,,,,2013-07-24T00:00:00,,Toronto and East York,Driving Properly,,78,13,South,None,35 to 39,Daylight,Intersection,Going Ahead,0,0,0,Dry,0,4,0,Passive Control,1,0,0
9034,Non-Fatal Injury,,,Yes,,2013-07-24T00:00:00,,Etobicoke York,Driving Properly,,16,13,South,None,20 to 24,Daylight,Intersection,Going Ahead,0,0,0,Dry,0,4,0,Passive Control,0,0,0
9036,Non-Fatal Injury,Yes,,Yes,Yes,2013-07-24T00:00:00,,Toronto and East York,Failed to Yield Right of Way,,77,18,West,None,35 to 39,Daylight,Intersection,Turning Left,0,0,0,Dry,0,5,0,Passive Control,0,0,0
9038,Non-Fatal Injury,,,Yes,Yes,2013-07-25T00:00:00,,Etobicoke York,Driving Properly,,16,8,West,None,50 to 54,Daylight,Intersection,Going Ahead,0,0,0,Dry,0,3,0,Passive Control,0,0,0
9042,Fatal,Yes,,Yes,,2013-07-25T00:00:00,,Etobicoke York,Failed to Yield Right of Way,,1,13,North,None,40 to 44,Daylight,Intersection,Turning Left,0,0,0,Dry,0,4,0,Passive Control,0,0,0
9043,Non-Fatal Injury,Yes,,Yes,,2013-07-27T00:00:00,,Etobicoke York,Driving Properly,,1,2,East,Minimal,25 to 29,Dark,Intersection,Going Ahead,0,0,0,Dry,0,4,0,Passive Control,0,0,0
9046,Non-Fatal Injury,Yes,,Yes,,2013-07-27T00:00:00,,Etobicoke York,Disobeyed Traffic Control,,1,2,North,Minor,25 to 29,Dark,Intersection,Going Ahead,0,0,0,Dry,0,4,0,Passive Control,0,0,0
9047,Non-Fatal Injury,Yes,,Yes,,2013-07-27T00:00:00,,Etobicoke York,Driving Properly,,1,2,East,Minimal,30 to 34,Dark,Intersection,Going Ahead,0,0,0,Dry,0,4,0,Passive Control,0,0,0
9049,Non-Fatal Injury,,,Yes,,2013-07-27T00:00:00,,Scarborough,Driving Properly,,130,10,South,None,50 to 54,Daylight,Intersection,Going Ahead,0,0,0,Dry,0,4,0,Passive Control,0,0,0
9052,Fatal,,,Yes,,2013-07-28T00:00:00,,North York,Driving Properly,,47,0,East,None,40 to 44,"Dark, artificial",Mid-Block,Changing Lanes,0,0,0,Wet,0,4,0,No Control,0,0,5
9055,Non-Fatal Injury,,,Yes,Yes,2013-07-28T00:00:00,,Toronto and East York,Driving Properly,,65,18,West,None,25 to 29,Daylight,Intersection,Going Ahead,0,0,0,Dry,0,5,0,No Control,0,0,0
9057,Non-Fatal Injury,,,Yes,Yes,2013-07-28T00:00:00,,Toronto and East York,Other,,65,18,West,None,35 to 39,Daylight,Intersection,Parked,0,0,0,Dry,0,5,0,No Control,0,0,0
9059,Non-Fatal Injury,Yes,,Yes,,2013-07-28T00:00:00,,Scarborough,Failed to Yield Right of Way,,131,21,South,None,20 to 24,"Dark, artificial",Intersection,Turning Left,0,0,0,Dry,0,4,0,Passive Control,0,0,0