,ACCLASS,AG_DRIV,ALCOHOL,AUTOMOBILE,CYCLIST,DATE,DISABILITY,DISTRICT,DRIVACT,EMERG_VEH,HOOD_ID,HOUR,INITDIR,INJURY,INVAGE,LIGHT,LOCCOORD,MANOEUVER,MOTORCYCLE,PASSENGER,PEDESTRIAN,RDSFCOND,REDLIGHT,ROAD_CLASS,SPEEDING,TRAFFCTL,TRSN_CITY_VEH,TRUCK,VISIBILITY
10508,Non-Fatal Injury,,,Yes,,2013-10-08T00:00:00,,Toronto and East York,Improper Turn,,43,11,North,None,Unknown,Daylight,Mid-Block,Making U Turn,0,0,0,Dry,0,4,0,No Control,1,0,0
10509,Non-Fatal Injury,,,Yes,,2013-10-08T00:00:00,,Scarborough,Improper Turn,,137,14,East,None,20 to 24,Daylight,Intersection,Turning Right,0,0,0,Dry,0,4,0,Passive Control,0,0,0
10511,Non-Fatal Injury,Yes,,Yes,,2013-10-08T00:00:00,,North York,Driving Properly,,103,16,North,None,50 to 54,Daylight,Intersection,Stopped,0,0,0,Dry,0,4,0,Passive Control,0,0,0
10514,Non-Fatal Injury,Yes,,Yes,,2013-10-08T00:00:00,,North York,Failed to Yield Right of Way,,103,16,West,None,45 to 49,Daylight,Intersection,Turning Left,0,0,0,Dry,0,4,0,Passive Control,0,0,0
10518,Fatal,,,Yes,,2013-10-08T00:00:00,,Scarborough,Driving Properly,,130,21,West,None,20 to 24,Dark,Mid-Block,Going Ahead,0,0,0,Dry,0,4,0,No Control,0,0,0
10521,Non-Fatal Injury,Yes,,Yes,,2013-10-09T00:00:00,,North York,Speed too Fast For Condition,,27,2,West,Major,20 to 24,"Dark, artificial",Intersection,Going Ahead,0,0,0,Dry,0,4,1,No Control,0,0,0
10523,Non-Fatal Injury,,,Yes,Yes,2013-10-09T00:00:00,,Toronto and East York,Improper Turn,,94,10,West,None,45 to 49,Daylight,Intersection,Turning Right,0,0,0,Dry,0,5,0,No Control,0,0,0
10528,Non-Fatal Injury,Yes,,Yes,,2013-10-09T00:00:00,,Toronto and East York,Failed to Yield Right of Way,,61,16,West,None,20 to 24,Daylight,Intersection,Going Ahead,0,0,0,Dry,0,0,0,Passive Control,0,0,0
10530,Non-Fatal Injury,Yes,,Yes,,2013-10-10T00:00:00,,North York,Failed to Yield Right of Way,,45,8,South,Major,50 to 54,"Daylight, artificial",Intersection,Turning Left,0,0,0,Dry,0,4,0,Passive Control,0,0,5
10533,Non-Fatal Injury,Yes,,,,2013-10-10T00:00:00,,Toronto and East York,Failed to Yield Right of Way,,83,21,South,None,50 to 54,Dark,Intersection,Turning Right,0,0,0,Dry,0,4,0,Passive Control,1,0,0
10536,Non-Fatal Injury,Yes,,Yes,,2013-10-11T00:00:00,,Toronto and East York,Failed to Yield Right of Way,,66,9,South,None,50 to 54,Daylight,Intersection,Turning Left,0,0,0,Dry,0,4,0,Passive Control,0,0,0
10538,Non-Fatal Injury,,,Yes,,2013-10-11T00:00:00,,Etobicoke York,Driving Properly,,91,15,East,None,30 to 34,Daylight,Mid-Block,Going Ahead,0,0,0,Dry,0,3,0,No Control,0,0,0
10540,Non-Fatal Injury,Yes,,Yes,,2013-10-11T00:00:00,,North York,Failed to Yield Right of Way,,53,16,East,None,45 to 49,Daylight,Intersection,Turning Left,0,0,0,Dry,0,4,0,Passive Control,0,0,0
10541,Non-Fatal Injury,Yes,,Yes,,2013-10-11T00:00:00,,North York,Driving Properly,,53,16,West,Major,20 to 24,Daylight,Intersection,Going Ahead,0,0,0,Dry,0,4,0,Passive Control,0,0,0
10542,Non-Fatal Injury,Yes,,Yes,,2013-10-11T00:00:00,,Etobicoke York,Disobeyed Traffic Control,,115,18,West,None,40 to 44,Daylight,Intersection,Going Ahead,0,0,0,Dry,0,4,0,Passive Control,0,0,0
10547,Non-Fatal Injury,,,Yes,,2013-10-12T00:00:00,Yes,North York,Lost control,,99,10,East,Major,60 to 64,Daylight,Intersection,Going Ahead,0,0,0,Dry,0,3,0,No Control,0,0,0
10548,Non-Fatal Injury,,,Yes,,2013-10-13T00:00:00,,North York,Improper Turn,,26,13,East,Major,40 to 44,Daylight,Mid-Block,Making U Turn,0,0,0,Wet,0,4,0,No Control,0,0,5
10552,Non-Fatal Injury,,,Yes,,2013-10-13T00:00:00,,North York,Driving Properly,,26,13,East,Major,50 to 54,Daylight,Mid-Block,Going Ahead,0,0,0,Wet,0,4,0,No Control,0,0,5
10553,Non-Fatal Injury,Yes,Yes,Yes,,2013-10-14T00:00:00,,Scarborough,Disobeyed Traffic Control,,137,18,West,None,50 to 54,Daylight,Intersection,Going Ahead,0,0,0,Dry,0,4,0,Passive Control,0,0,0
10556,Non-Fatal Injury,Yes,,Yes,,2013-10-15T00:00:00,,Scarborough,Failed to Yield Right of Way,,119,7,South,Minor,50 to 54,Daylight,Mid-Block,Going Ahead,0,0,0,Dry,0,4,0,No Control,0,0,0
10557,Non-Fatal Injury,Yes,,Yes,,2013-10-15T00:00:00,,Scarborough,Driving Properly,,119,7,North,None,35 to 39,Daylight,Mid-Block,Changing Lanes,0,0,0,Dry,0,4,0,No Control,0,0,0
10558,Non-Fatal Injury,Yes,,Yes,,2013-10-15T00:00:00,,Scarborough,Driving Properly,,119,7,North,Major,45 to 49,Daylight,Mid-Block,Going Ahead,0,0,0,Dry,0,4,0,No Control,0,0,0
10561,Fatal,,,,Yes,2013-10-16T00:00:00,,Toronto and East York,Driving Properly,,78,7,North,None,50 to 54,Daylight,Mid-Block,Going Ahead,0,0,0,Wet,0,4,0,No Control,0,1,0
10565,Fatal,,Yes,Yes,,2013-10-20T00:00:00,,Scarborough,Other,,124,0,North,None,25 to 29,Dark,Mid-Block,Going Ahead,0,0,0,Dry,0,4,0,No Control,0,0,0
10570,Non-Fatal Injury,,,Yes,Yes,2014-05-27T00:00:00,,Etobicoke York,Improper Lane Change,,24,7,East,None,50 to 54,Daylight,Mid-Block,Changing Lanes,0,0,0,Dry,0,4,0,No Control,0,0,0
10571,Non-Fatal Injury,,,Yes,,2014-03-02T00:00:00,,Scarborough,Driving Properly,,118,13,South,Major,70 to 74,Daylight,Intersection,Turning Left,0,0,0,Wet,0,4,0,Passive Control,0,0,0
10573,Non-Fatal Injury,Yes,,Yes,,2014-08-16T00:00:00,,Toronto and East York,Failed to Yield Right of Way,,93,23,South,None,35 to 39,"Dark, artificial",Intersection,Turning Left,0,0,0,Dry,0,4,0,Passive Control,0,0,0
10574,Non-Fatal Injury,Yes,,Yes,,2014-08-16T00:00:00,,Toronto and East York,Driving Properly,,93,23,North,Major,35 to 39,"Dark, artificial",Intersection,Going Ahead,0,0,0,Dry,0,4,0,Passive Control,0,0,0
10575,Non-Fatal Injury,Yes,,Yes,,2014-08-17T00:00:00,,Etobicoke York,Disobeyed Traffic Control,,21,0,North,Major,45 to 49,"Dark, artificial",Intersection,Going Ahead,0,0,0,Dry,0,4,0,Passive Control,1,0,0
10576,Non-Fatal Injury,Yes,,Yes,,2014-08-17T00:00:00,,Etobicoke York,Driving Properly,,21,0,East,None,35 to 39,"Dark, artificial",Intersection,Going Ahead,0,0,0,Dry,0,4,0,Passive Control,1,0,0
10592,Non-Fatal Injury,,,Yes,,2014-08-17T00:00:00,,Toronto and East York,Improper Turn,,80,16,South,None,40 to 44,Daylight,Intersection,Turning Left,0,0,0,Dry,0,5,0,No Control,0,0,0
10593,Non-Fatal Injury,,,Yes,,2014-08-17T00:00:00,,Toronto and East York,Driving Properly,,80,16,North,Major,30 to 34,Daylight,Intersection,Going Ahead,0,0,0,Dry,0,5,0,No Control,0,0,0
10598,Non-Fatal Injury,Yes,,Yes,,2014-08-17T00:00:00,,Toronto and East York,Failed to Yield Right of Way,,104,21,South,None,40 to 44,Daylight,Mid-Block,Turning Left,0,0,0,Dry,0,4,0,No Control,0,0,0
10599,Non-Fatal Injury,Yes,,Yes,,2014-08-17T00:00:00,,Toronto and East York,Driving Properly,,104,21,North,Major,40 to 44,Daylight,Mid-Block,Going Ahead,0,0,0,Dry,0,4,0,No Control,0,0,0
10604,Non-Fatal Injury,,,Yes,Yes,2014-08-17T00:00:00,,Toronto and East York,Driving Properly,,63,21,West,None,50 to 54,"Dark, artificial",Intersection,Going Ahead,0,0,0,Dry,0,4,0,No Control,0,0,0
10606,Non-Fatal Injury,,,Yes,Yes,2014-08-17T00:00:00,,Toronto and East York,Driving Properly,,62,21,West,None,50 to 54,"Dark, artificial",Mid-Block,Going Ahead,0,0,0,Dry,0,4,0,No Control,0,0,0
10607,Fatal,Yes,,Yes,,2014-08-17T00:00:00,,Toronto and East York,Failed to Yield Right of Way,,54,23,East,None,40 to 44,"Dark, artificial",Intersection,Turning Left,0,0,0,Dry,0,5,0,Passive Control,0,0,0
10610,Fatal,,,Yes,,2014-08-18T00:00:00,,Toronto and East York,Lost control,,73,1,West,None,25 to 29,"Dark, artificial",Intersection,Going Ahead,0,0,0,Dry,0,4,0,No Control,0,0,0
10614,Non-Fatal Injury,Yes,,Yes,,2014-08-19T00:00:00,,Scarborough,Failed to Yield Right of Way,,129,21,North,None,40 to 44,"Dark, artificial",Intersection,Turning Left,0,0,0,Dry,0,4,0,No Control,0,0,0
10616,Non-Fatal Injury,,,Yes,Yes,2014-08-19T00:00:00,,Toronto and East York,Improper Turn,,84,21,East,None,25 to 29,"Dark, artificial",Intersection,Turning Right,0,0,0,Dry,0,4,0,Passive Control,0,0,0
10619,Fatal,Yes,,Yes,,2014-08-20T00:00:00,,North York,Failed to Yield Right of Way,,120,16,West,None,55 to 59,Daylight,Intersection,Turning Left,0,0,0,Dry,0,4,0,Passive Control,0,0,0
10622,Non-Fatal Injury,Yes,,Yes,Yes,2014-08-22T00:00:00,,Toronto and East York,Failed to Yield Right of Way,,71,1,West,None,40 to 44,Dark,Intersection,Turning Left,0,0,0,Dry,0,4,0,Passive Control,0,0,0
10623,Non-Fatal Injury,Yes,,Yes,Yes,2014-08-22T00:00:00,,Etobicoke York,Failed to Yield Right of Way,,9,18,South,None,30 to 34,Daylight,Intersection,Turning Right,0,0,0,Dry,0,5,0,No Control,0,0,0
10625,Non-Fatal Injury,Yes,,Yes,,2014-08-27T00:00:00,,North York,Driving Properly,,50,17,South,Minimal,45 to 49,Daylight,Intersection,Going Ahead,0,0,0,Dry,0,4,0,No Control,0,0,0
10626,Non-Fatal Injury,,,Yes,Yes,2014-08-26T00:00:00,,Etobicoke York,Improper Turn,,110,17,West,None,30 to 34,Daylight,Intersection,Turning Right,0,0,0,Dry,0,5,0,Passive Control,0,0,0
10628,Non-Fatal Injury,,,,,2014-08-27T00:00:00,,North York,Other,,34,12,East,None,50 to 54,Daylight,Intersection,Slowing or Stopping,0,0,0,Dry,0,4,0,Passive Control,1,0,0
10630,Non-Fatal Injury,Yes,,Yes,,2014-08-27T00:00:00,,North York,Following too Close,,50,17,South,None,20 to 24,Daylight,Intersection,Going Ahead,0,0,0,Dry,0,4,0,No Control,0,0,0
10631,Non-Fatal Injury,Yes,,Yes,,2014-08-27T00:00:00,,North York,Driving Properly,,50,17,South,Major,35 to 39,Daylight,Intersection,Slowing or Stopping,0,0,0,Dry,0,4,0,No Control,0,0,0
10632,Non-Fatal Injury,,,Yes,,2014-08-29T00:00:00,,Toronto and East York,Improper Turn,,63,6,East,None,50 to 54,Dawn,Intersection,Turning Left,0,0,0,Dry,0,4,0,Passive Control,0,0,0
10633,Non-Fatal Injury,,,Yes,,2014-08-29T00:00:00,,Toronto and East York,Driving Properly,,63,6,West,Major,60 to 64,Dawn,Intersection,Going Ahead,0,0,0,Dry,0,4,0,Passive Control,0,0,0
10634,Non-Fatal Injury,Yes,,Yes,Yes,2014-08-29T00:00:00,,Toronto and East York,Failed to Yield Right of Way,,71,12,North,None,Unknown,Daylight,Intersection,Going Ahead,0,0,0,Dry,0,5,0,No Control,0,0,0
10636,Non-Fatal Injury,Yes,,Yes,,2014-08-29T00:00:00,,North York,Failed to Yield Right of Way,,49,13,South,None,70 to 74,Daylight,Intersection,Turning Left,0,0,0,Dry,0,4,0,Passive Control,0,0,0
10637,Non-Fatal Injury,Yes,,Yes,,2014-08-29T00:00:00,,North York,Driving Properly,,49,13,North,Major,20 to 24,Daylight,Intersection,Going Ahead,0,0,0,Dry,0,4,0,Passive Control,0,0,0
10638,Non-Fatal Injury,,,Yes,,2014-08-30T00:00:00,,Toronto and East York,Driving Properly,,96,1,South,None,20 to 24,"Dark, artificial",Mid-Block,Going Ahead,0,0,0,Dry,0,4,0,No Control,0,0,0
10643,Non-Fatal Injury,,,,Yes,2014-08-30T00:00:00,,Toronto and East York,Driving Properly,,84,1,West,None,35 to 39,"Dark, artificial",Mid-Block,Going Ahead,0,0,0,Dry,0,4,0,No Control,1,0,0
10644,Fatal,,,Yes,,2014-08-30T00:00:00,,Etobicoke York,Other,,90,4,West,None,Unknown,"Dark, artificial",Mid-Block,Going Ahead,0,0,0,Dry,0,4,0,No Control,0,0,0
10646,Non-Fatal Injury,,,Yes,,2014-08-30T00:00:00,,Etobicoke York,Improper Turn,,90,22,North,None,25 to 29,"Dark, artificial",Mid-Block,Turning Right,0,0,0,Dry,0,5,0,No Control,0,0,0
10647,Non-Fatal Injury,,,Yes,,2014-08-30T00:00:00,,Etobicoke York,Driving Properly,,90,22,North,Major,20 to 24,"Dark, artificial",Mid-Block,Going Ahead,0,0,0,Dry,0,5,0,No Control,0,0,0
10650,Non-Fatal Injury,Yes,,Yes,,2014-08-31T00:00:00,,Toronto and East York,Failed to Yield Right of Way,,70,8,East,None,55 to 59,Daylight,Intersection,Turning Left,0,0,0,Dry,0,4,0,Passive Control,0,0,0
10652,Fatal,,,,,2014-09-01T00:00:00,,Scarborough,Driving Properly,,139,1,East,None,30 to 34,"Dark, artificial",Mid-Block,Going Ahead,0,0,0,Dry,0,4,0,No Control,1,0,0
10654,Non-Fatal Injury,,,Yes,,2014-09-03T00:00:00,,Etobicoke York,Driving Properly,,115,17,South,None,45 to 49,Daylight,Intersection,Going Ahead,0,0,0,Dry,0,4,0,No Control,0,0,0
10656,Non-Fatal Injury,,,Yes,,2014-09-04T00:00:00,,Scarborough,Improper Turn,,118,17,North,None,45 to 49,Daylight,Mid-Block,Turning Left,0,0,0,Dry,0,4,0,No Control,0,0,0
10657,Non-Fatal Injury,,,Yes,,2014-09-04T00:00:00,,Scarborough,Driving Properly,,118,17,East,Major,40 to 44,Daylight,Mid-Block,Going Ahead,0,0,0,Dry,0,4,0,No Control,0,0,0
10658,Non-Fatal Injury,,,Yes,Yes,2014-09-06T00:00:00,,Toronto and East York,Driving Properly,,91,16,West,None,40 to 44,Daylight,Mid-Block,Slowing or Stopping,0,0,0,Dry,0,3,0,No Control,0,0,0
10660,Non-Fatal Injury,Yes,,Yes,,2014-09-06T00:00:00,,Etobicoke York,Exceeding Speed Limit,,14,17,West,Minor,20 to 24,Daylight,Intersection,Going Ahead,0,0,0,Dry,0,4,1,Passive Control,0,0,0
10661,Non-Fatal Injury,Yes,,Yes,Yes,2014-04-14T00:00:00,,Etobicoke York,Improper Passing,,1,10,West,None,Unknown,Daylight,Mid-Block,Going Ahead,0,0,0,Dry,0,4,0,No Control,0,0,0
10662,Non-Fatal Injury,Yes,,Yes,,2014-09-06T00:00:00,,Etobicoke York,Failed to Yield Right of Way,,14,17,South,Major,45 to 49,Daylight,Intersection,Turning Left,0,0,0,Dry,0,4,1,Passive Control,0,0,0
10667,Non-Fatal Injury,,,Yes,,2014-03-02T00:00:00,,Scarborough,Lost control,,118,13,South,Major,70 to 74,Daylight,Intersection,Going Ahead,0,0,0,Wet,0,4,0,Passive Control,0,0,0
10672,Non-Fatal Injury,Yes,,Yes,,2014-03-05T00:00:00,,Etobicoke York,Improper Turn,,110,15,West,None,40 to 44,Daylight,Mid-Block,Making U Turn,0,0,0,Dry,0,5,0,No Control,0,0,0
10673,Non-Fatal Injury,Yes,,Yes,,2014-07-02T00:00:00,,Toronto and East York,Lost control,,64,6,North,Major,65 to 69,Daylight,Intersection,Turning Right,0,0,0,Dry,0,5,1,Passive Control,0,0,0
10674,Non-Fatal Injury,Yes,,Yes,,2014-03-05T00:00:00,,Etobicoke York,Driving Properly,,110,15,West,Minimal,25 to 29,Daylight,Mid-Block,Going Ahead,0,0,0,Dry,0,5,0,No Control,0,0,0
10675,Non-Fatal Injury,Yes,,Yes,,2014-04-14T00:00:00,,North York,Lost control,,50,14,East,Major,20 to 24,Daylight,Intersection,Going Ahead,0,0,0,Dry,0,5,1,Passive Control,0,0,0
10676,Non-Fatal Injury,Yes,,Yes,,2014-05-27T00:00:00,,Scarborough,Failed to Yield Right of Way,,131,17,South,Minimal,35 to 39,Daylight,Intersection,Turning Left,0,0,0,Dry,0,5,0,Passive Control,0,0,0
10678,Non-Fatal Injury,Yes,,,,2014-07-06T00:00:00,,Toronto and East York,Lost control,,57,18,South,Major,35 to 39,Daylight,Mid-Block,Going Ahead,0,0,0,Dry,0,4,0,No Control,0,0,0
10679,Non-Fatal Injury,Yes,,Yes,,2014-05-27T00:00:00,,Scarborough,Driving Properly,,131,17,North,Major,40 to 44,Daylight,Intersection,Going Ahead,0,0,0,Dry,0,5,0,Passive Control,0,0,0
10680,Non-Fatal Injury,,,Yes,,2014-03-05T00:00:00,,Scarborough,Driving Properly,,117,18,East,Major,30 to 34,"Dusk, artificial",Intersection,Stopped,0,0,0,Dry,0,4,0,Passive Control,0,0,0
10681,Non-Fatal Injury,,,Yes,,2014-05-27T00:00:00,,Scarborough,Driving Properly,,135,21,South,None,50 to 54,"Dark, artificial",Mid-Block,Going Ahead,0,0,0,Dry,0,5,0,No Control,0,0,0
10682,Non-Fatal Injury,Yes,,Yes,,2014-04-16T00:00:00,,North York,Driving Properly,,35,7,North,Major,50 to 54,Daylight,Intersection,Turning Left,0,0,0,Dry,0,4,0,Passive Control,0,0,0
10683,Non-Fatal Injury,,,Yes,,2014-07-08T00:00:00,,Scarborough,Driving Properly,,119,7,North,None,70 to 74,Daylight,Intersection,Going Ahead,0,0,0,Dry,0,4,0,Passive Control,0,0,0
10685,Non-Fatal Injury,,,Yes,,2014-03-05T00:00:00,,Scarborough,Driving Properly,,117,18,East,Major,50 to 54,"Dusk, artificial",Intersection,Stopped,0,0,0,Dry,0,4,0,Passive Control,0,0,0
10686,Non-Fatal Injury,Yes,,Yes,,2014-04-16T00:00:00,,North York,Disobeyed Traffic Control,,35,7,East,Minimal,40 to 44,Daylight,Intersection,Going Ahead,0,0,0,Dry,0,4,0,Passive Control,0,0,0
10688,Non-Fatal Injury,Yes,,Yes,Yes,2014-05-28T00:00:00,,Toronto and East York,Improper Passing,,77,8,East,Major,65 to 69,Daylight,Intersection,Going Ahead,0,0,0,Dry,0,5,0,No Control,0,0,0
10690,Non-Fatal Injury,Yes,,Yes,,2014-05-29T00:00:00,,Etobicoke York,Speed too Fast For Condition,,17,8,East,Major,45 to 49,Daylight,Mid-Block,Slowing or Stopping,0,0,0,Dry,0,4,1,No Control,0,1,0
10691,Non-Fatal Injury,Yes,,Yes,,2014-05-29T00:00:00,,Etobicoke York,Driving Properly,,17,8,East,None,65 to 69,Daylight,Mid-Block,Stopped,0,0,0,Dry,0,4,1,No Control,0,1,0
10692,Non-Fatal Injury,Yes,,Yes,,2014-05-29T00:00:00,,Toronto and East York,Failed to Yield Right of Way,,77,14,West,None,35 to 39,Daylight,Mid-Block,Turning Left,0,0,0,Dry,0,4,0,No Control,0,0,0
10694,Non-Fatal Injury,Yes,Yes,Yes,,2014-05-30T00:00:00,,Etobicoke York,Following too Close,,18,22,East,None,20 to 24,"Dark, artificial",Intersection,Going Ahead,0,0,0,Dry,0,4,0,Passive Control,0,0,0
10695,Non-Fatal Injury,Yes,Yes,Yes,,2014-05-30T00:00:00,,Etobicoke York,Driving Properly,,18,22,East,Major,35 to 39,"Dark, artificial",Intersection,Stopped,0,0,0,Dry,0,4,0,Passive Control,0,0,0
10696,Non-Fatal Injury,,,Yes,,2014-05-31T00:00:00,,Toronto and East York,Improper Lane Change,,77,22,West,None,45 to 49,"Dark, artificial",Mid-Block,Changing Lanes,0,0,0,Dry,0,4,0,No Control,0,0,0
10697,Non-Fatal Injury,,,Yes,,2014-05-31T00:00:00,,Toronto and East York,Driving Properly,,77,22,West,Major,15 to 19,"Dark, artificial",Mid-Block,Going Ahead,0,0,0,Dry,0,4,0,No Control,0,0,0
10703,Non-Fatal Injury,,,Yes,,2014-06-01T00:00:00,,Scarborough,Improper Turn,,116,0,South,Major,35 to 39,"Dark, artificial",Intersection,Turning Left,0,0,0,Dry,0,4,0,Passive Control,0,0,0
10704,Non-Fatal Injury,,,Yes,,2014-06-01T00:00:00,,Scarborough,Driving Properly,,116,0,East,Minimal,25 to 29,"Dark, artificial",Intersection,Going Ahead,0,0,0,Dry,0,4,0,Passive Control,0,0,0
10705,Non-Fatal Injury,Yes,,Yes,,2014-06-01T00:00:00,,Scarborough,Following too Close,,127,17,West,None,30 to 34,Daylight,Intersection,Going Ahead,0,0,0,Dry,0,4,0,Passive Control,0,0,0
10706,Non-Fatal Injury,Yes,,Yes,,2014-06-01T00:00:00,,Scarborough,Driving Properly,,127,17,West,None,65 to 69,Daylight,Intersection,Stopped,0,0,0,Dry,0,4,0,Passive Control,0,0,0
10707,Non-Fatal Injury,Yes,,Yes,,2014-06-01T00:00:00,,Scarborough,Driving Properly,,127,17,West,None,50 to 54,Daylight,Intersection,Stopped,0,0,0,Dry,0,4,0,Passive Control,0,0,0
10709,Non-Fatal Injury,,,Yes,Yes,2014-06-01T00:00:00,,Toronto and East York,Driving Properly,,90,18,West,None,60 to 64,Daylight,Mid-Block,Going Ahead,0,0,0,Dry,0,4,0,No Control,0,0,0
10713,Non-Fatal Injury,,,Yes,,2014-06-01T00:00:00,,Scarborough,Improper Turn,,124,19,South,None,15 to 19,Daylight,Mid-Block,Turning Left,0,0,0,Dry,0,4,0,No Control,0,0,0
10715,Non-Fatal Injury,Yes,,,,2014-06-02T00:00:00,,Toronto and East York,Failed to Yield Right of Way,,70,12,West,None,65 to 69,Daylight,Intersection,Turning Right,0,0,0,Dry,0,5,0,Passive Control,0,1,0
10717,Fatal,,,Yes,,2014-06-03T00:00:00,,North York,Other,,51,12,North,None,75 to 79,Daylight,Mid-Block,Reversing,0,0,0,Dry,0,3,0,No Control,0,0,0
10718,Non-Fatal Injury,Yes,,Yes,,2014-06-03T00:00:00,,Scarborough,Improper Passing,,122,22,North,Major,45 to 49,Dark,Mid-Block,Slowing or Stopping,0,0,0,Dry,0,0,0,No Control,0,0,0
10719,Non-Fatal Injury,Yes,,Yes,,2014-06-03T00:00:00,,Scarborough,Driving Properly,,122,22,North,None,15 to 19,Dark,Mid-Block,Overtaking,0,0,0,Dry,0,0,0,No Control,0,0,0
10721,Non-Fatal Injury,Yes,,,,2014-06-06T00:00:00,,Etobicoke York,Speed too Fast For Condition,,17,5,East,Major,20 to 24,Daylight,Mid-Block,Going Ahead,0,0,0,Dry,0,4,1,No Control,0,0,0
10722,Non-Fatal Injury,Yes,,Yes,,2014-06-07T00:00:00,,Toronto and East York,Following too Close,,101,1,North,None,25 to 29,"Dark, artificial",Intersection,Slowing or Stopping,0,0,0,Dry,0,4,0,No Control,0,0,0
10723,Non-Fatal Injury,Yes,,Yes,,2014-06-07T00:00:00,,Toronto and East York,Driving Properly,,101,1,North,None,50 to 54,"Dark, artificial",Intersection,Stopped,0,0,0,Dry,0,4,0,No Control,0,0,0
10724,Non-Fatal Injury,Yes,,Yes,,2014-06-07T00:00:00,,Toronto and East York,Driving Properly,,101,1,North,Minimal,35 to 39,"Dark, artificial",Intersection,Stopped,0,0,0,Dry,0,4,0,No Control,0,0,0
10726,Non-Fatal Injury,Yes,,Yes,,2014-06-09T00:00:00,,Etobicoke York,Failed to Yield Right of Way,,19,12,West,None,35 to 39,Daylight,Intersection,Going Ahead,0,0,0,Dry,0,3,0,Passive Control,0,0,0
10727,Non-Fatal Injury,Yes,,Yes,,2014-06-09T00:00:00,,Etobicoke York,Driving Properly,,19,12,North,Major,35 to 39,Daylight,Intersection,Going Ahead,0,0,0,Dry,0,3,0,Passive Control,0,0,0
10730,Non-Fatal Injury,,,Yes,,2014-06-09T00:00:00,,Toronto and East York,Driving Properly,,63,17,East,None,50 to 54,Daylight,Intersection,Going Ahead,0,0,0,Dry,0,4,0,Passive Control,0,0,0
10732,Non-Fatal Injury,,,Yes,,2014-06-11T00:00:00,,Toronto and East York,Driving Properly,,70,11,South,None,35 to 39,Daylight,Mid-Block,Going Ahead,0,0,0,Dry,0,5,0,No Control,0,0,0
10734,Non-Fatal Injury,Yes,,Yes,,2014-06-11T00:00:00,,Toronto and East York,Lost control,,58,19,South,None,35 to 39,Daylight,Mid-Block,Going Ahead,0,0,0,Dry,0,4,1,No Control,0,0,0
10735,Non-Fatal Injury,Yes,,Yes,,2014-06-11T00:00:00,,Toronto and East York,Driving Properly,,58,19,South,Minor,45 to 49,Daylight,Mid-Block,Going Ahead,0,0,0,Dry,0,4,1,No Control,0,0,0
10737,Non-Fatal Injury,Yes,,Yes,,2014-06-12T00:00:00,,North York,Disobeyed Traffic Control,,52,11,North,None,50 to 54,Daylight,Intersection,Going Ahead,0,0,0,Dry,0,4,0,Passive Control,0,0,0
10738,Non-Fatal Injury,Yes,,Yes,,2014-06-12T00:00:00,,North York,Driving Properly,,52,11,West,Major,50 to 54,Daylight,Intersection,Turning Left,0,0,0,Dry,0,4,0,Passive Control,0,0,0
10740,Non-Fatal Injury,,,Yes,,2014-06-12T00:00:00,,Etobicoke York,Lost control,,1,20,West,None,15 to 19,"Dusk, artificial",Intersection,Turning Left,0,0,0,Dry,0,0,0,No Control,0,0,0
10742,Non-Fatal Injury,Yes,,Yes,,2014-06-12T00:00:00,,Scarborough,Failed to Yield Right of Way,,122,21,North,None,60 to 64,Dark,Intersection,Turning Left,0,0,0,Dry,0,4,0,Passive Control,0,0,0
10743,Non-Fatal Injury,Yes,,Yes,,2014-06-12T00:00:00,,Scarborough,Driving Properly,,122,21,East,Major,40 to 44,Dark,Intersection,Going Ahead,0,0,0,Dry,0,4,0,Passive Control,0,0,0
10744,Non-Fatal Injury,,,Yes,,2014-06-13T00:00:00,,Etobicoke York,Driving Properly,,111,21,East,None,65 to 69,"Dark, artificial",Mid-Block,Going Ahead,0,0,0,Dry,0,4,0,No Control,0,0,0
10746,Non-Fatal Injury,Yes,,Yes,Yes,2014-06-14T00:00:00,,Etobicoke York,Failed to Yield Right of Way,,21,19,North,None,75 to 79,Daylight,Mid-Block,Going Ahead,0,0,0,Dry,0,0,0,No Control,0,0,0
10748,Non-Fatal Injury,Yes,,Yes,,2014-06-14T00:00:00,,North York,Disobeyed Traffic Control,,48,23,East,None,25 to 29,Dark,Intersection,Going Ahead,0,0,0,Dry,0,4,1,Passive Control,0,0,0
10749,Non-Fatal Injury,Yes,,Yes,,2014-06-14T00:00:00,,North York,Improper Turn,,48,23,West,Minimal,20 to 24,Dark,Intersection,Turning Left,0,0,0,Dry,0,4,1,Passive Control,0,0,0
10753,Fatal,,,,,2014-06-16T00:00:00,,Toronto and East York,Driving Properly,,68,8,North,Fatal,45 to 49,Daylight,Mid-Block,Going Ahead,0,0,0,Wet,0,5,0,No Control,0,0,5