,ACCLASS,AG_DRIV,ALCOHOL,AUTOMOBILE,CYCLIST,DATE,DISABILITY,DISTRICT,DRIVACT,EMERG_VEH,HOOD_ID,HOUR,INITDIR,INJURY,INVAGE,LIGHT,LOCCOORD,MANOEUVER,MOTORCYCLE,PASSENGER,PEDESTRIAN,RDSFCOND,REDLIGHT,ROAD_CLASS,SPEEDING,TRAFFCTL,TRSN_CITY_VEH,TRUCK,VISIBILITY
10754,Non-Fatal Injury,,,,,2014-06-17T00:00:00,,Toronto and East York,Improper Lane Change,,77,3,East,Major,25 to 29,"Dark, artificial",Mid-Block,Other,0,0,0,Dry,0,4,0,Passive Control,0,0,0
10756,Non-Fatal Injury,,,,,2014-06-17T00:00:00,,Toronto and East York,Driving Properly,,77,3,East,Major,30 to 34,"Dark, artificial",Mid-Block,Going Ahead,0,0,0,Dry,0,4,0,Passive Control,0,0,0
10757,Non-Fatal Injury,Yes,,Yes,Yes,2014-06-17T00:00:00,,Scarborough,Failed to Yield Right of Way,,133,10,South,None,70 to 74,Daylight,Mid-Block,Going Ahead,0,0,0,Dry,0,5,0,No Control,0,0,0
10759,Non-Fatal Injury,Yes,,Yes,Yes,2014-06-19T00:00:00,,North York,Failed to Yield Right of Way,,27,16,East,None,40 to 44,Daylight,Intersection,Turning Right,0,0,0,Dry,0,4,0,Passive Control,0,0,0
10762,Non-Fatal Injury,Yes,,Yes,Yes,2014-06-19T00:00:00,,Toronto and East York,Failed to Yield Right of Way,,81,19,West,None,20 to 24,Daylight,Intersection,Turning Left,0,0,0,Dry,0,5,0,No Control,0,0,0
10764,Non-Fatal Injury,,,,,2014-06-19T00:00:00,,North York,Driving Properly,,39,21,South,None,30 to 34,"Dark, artificial",Intersection,Pulling Away from Shoulder or Curb,0,0,0,Dry,0,4,0,No Control,1,0,0
10766,Non-Fatal Injury,Yes,,Yes,,2014-06-21T00:00:00,,Etobicoke York,Failed to Yield Right of Way,,9,18,North,None,50 to 54,Daylight,Intersection,Turning Left,0,0,0,Dry,0,5,0,Passive Control,0,0,0
10767,Non-Fatal Injury,Yes,,Yes,,2014-06-21T00:00:00,,Etobicoke York,Driving Properly,,9,18,South,Major,65 to 69,Daylight,Intersection,Going Ahead,0,0,0,Dry,0,5,0,Passive Control,0,0,0
10768,Non-Fatal Injury,Yes,,,Yes,2014-06-23T00:00:00,,Toronto and East York,Following too Close,,76,17,East,None,60 to 64,Daylight,Intersection,Going Ahead,0,0,0,Dry,0,4,0,Passive Control,0,1,0
10770,Non-Fatal Injury,Yes,,Yes,,2014-04-16T00:00:00,,Etobicoke York,Lost control,,2,14,West,None,15 to 19,Daylight,Mid-Block,Going Ahead,0,0,0,Dry,0,4,1,No Control,0,0,0
10771,Non-Fatal Injury,,,Yes,,2014-03-05T00:00:00,,Scarborough,Driving Properly,,117,18,East,Major,35 to 39,"Dusk, artificial",Intersection,Slowing or Stopping,0,0,0,Dry,0,4,0,Passive Control,0,0,0
10772,Non-Fatal Injury,Yes,,Yes,,2014-04-16T00:00:00,,Etobicoke York,Driving Properly,,2,14,East,Major,40 to 44,Daylight,Mid-Block,Going Ahead,0,0,0,Dry,0,4,1,No Control,0,0,0
10773,Fatal,Yes,,Yes,,2014-07-08T00:00:00,,Scarborough,Driving Properly,,116,10,South,Minor,80 to 84,Daylight,Intersection,Going Ahead,0,0,0,Dry,0,5,0,Passive Control,0,0,0
10774,Non-Fatal Injury,,,Yes,,2014-03-05T00:00:00,,Scarborough,Lost control,,117,18,East,Major,30 to 34,"Dusk, artificial",Intersection,Going Ahead,0,0,0,Dry,0,4,0,Passive Control,0,0,0
10776,Fatal,Yes,,Yes,,2014-07-08T00:00:00,,Scarborough,Disobeyed Traffic Control,,116,10,West,None,30 to 34,Daylight,Intersection,Going Ahead,0,0,0,Dry,0,5,0,Passive Control,0,0,0
10777,Non-Fatal Injury,Yes,,Yes,,2014-03-05T00:00:00,,Scarborough,Exceeding Speed Limit,,137,23,North,None,35 to 39,"Dark, artificial",Mid-Block,Going Ahead,0,0,0,Wet,0,4,1,No Control,0,0,0
10782,Non-Fatal Injury,Yes,,Yes,,2014-04-17T00:00:00,,Toronto and East York,Exceeding Speed Limit,,87,20,East,Major,35 to 39,"Dark, artificial",Mid-Block,Overtaking,0,0,0,Dry,0,4,1,No Control,0,0,0
10783,Non-Fatal Injury,Yes,,Yes,,2014-04-17T00:00:00,,Toronto and East York,Driving Properly,,87,20,East,None,60 to 64,"Dark, artificial",Mid-Block,Going Ahead,0,0,0,Dry,0,4,1,No Control,0,0,0
10785,Non-Fatal Injury,Yes,Yes,Yes,,2014-04-18T00:00:00,,Toronto and East York,Speed too Fast For Condition,,61,2,South,Major,40 to 44,"Dark, artificial",Intersection,Going Ahead,0,0,0,Dry,0,5,1,Passive Control,0,0,0
10786,Non-Fatal Injury,,,Yes,Yes,2014-04-21T00:00:00,,Scarborough,Improper Turn,,136,14,North,None,30 to 34,Daylight,Intersection,Turning Left,0,0,0,Dry,0,5,0,No Control,0,0,0
10788,Non-Fatal Injury,Yes,,Yes,,2014-04-21T00:00:00,,North York,Failed to Yield Right of Way,,119,22,West,None,40 to 44,"Dark, artificial",Intersection,Turning Left,0,0,0,Dry,0,4,0,Passive Control,0,0,0
10791,Non-Fatal Injury,,,Yes,,2014-04-22T00:00:00,,Toronto and East York,Other,,77,17,South,None,25 to 29,Daylight,Mid-Block,Reversing,0,0,0,Dry,0,3,0,No Control,0,0,0
10793,Fatal,,,Yes,,2014-04-23T00:00:00,,Toronto and East York,Driving Properly,,78,17,West,None,50 to 54,"Daylight, artificial",Intersection,Going Ahead,0,0,0,Dry,0,4,0,No Control,0,0,0
10795,Non-Fatal Injury,,,Yes,Yes,2014-04-24T00:00:00,,Toronto and East York,Other,,90,19,East,None,65 to 69,"Dusk, artificial",Intersection,Parked,0,0,0,Dry,0,4,0,No Control,0,0,0
10797,Non-Fatal Injury,,,Yes,Yes,2014-04-25T00:00:00,,Toronto and East York,Improper Turn,,84,0,East,Minimal,40 to 44,"Dark, artificial",Intersection,Making U Turn,0,0,0,Dry,0,5,0,No Control,0,0,0
10799,Non-Fatal Injury,,,,,2014-04-27T00:00:00,,Etobicoke York,Driving Properly,,25,10,East,None,30 to 34,Daylight,Intersection,Going Ahead,0,0,0,Dry,0,4,0,Passive Control,1,0,0
10801,Non-Fatal Injury,,,,,2014-04-29T00:00:00,,Toronto and East York,Driving Properly,,78,14,North,None,60 to 64,Daylight,Intersection,Going Ahead,0,0,0,Wet,0,4,0,No Control,1,0,5
10803,Non-Fatal Injury,Yes,,Yes,,2014-04-30T00:00:00,,Etobicoke York,Failed to Yield Right of Way,,12,15,West,None,20 to 24,Daylight,Intersection,Turning Left,0,0,0,Dry,0,4,0,Passive Control,0,0,0
10804,Non-Fatal Injury,Yes,,Yes,,2014-04-30T00:00:00,,Etobicoke York,Driving Properly,,12,15,East,Major,50 to 54,Daylight,Intersection,Going Ahead,0,0,0,Dry,0,4,0,Passive Control,0,0,0
10805,Non-Fatal Injury,,,,,2014-04-30T00:00:00,,North York,Driving Properly,,36,18,West,None,35 to 39,Daylight,Intersection,Pulling Away from Shoulder or Curb,0,0,0,Wet,0,4,0,Passive Control,1,0,5
10807,Non-Fatal Injury,,,,,2014-05-01T00:00:00,,Scarborough,Driving Properly,,119,15,West,None,60 to 64,Daylight,Intersection,Pulling Away from Shoulder or Curb,0,0,0,Dry,0,4,0,Passive Control,1,0,0
10809,Non-Fatal Injury,Yes,Yes,Yes,,2014-05-01T00:00:00,,Etobicoke York,Exceeding Speed Limit,,23,22,South,Minor,20 to 24,"Dark, artificial",Intersection,Going Ahead,0,0,0,Dry,0,4,1,No Control,0,0,0
10811,Non-Fatal Injury,Yes,Yes,Yes,,2014-05-01T00:00:00,,Etobicoke York,Driving Properly,,23,22,South,Minor,30 to 34,"Dark, artificial",Intersection,Going Ahead,0,0,0,Dry,0,4,1,No Control,0,0,0
10816,Non-Fatal Injury,Yes,,Yes,Yes,2014-05-05T00:00:00,,Toronto and East York,Failed to Yield Right of Way,,62,6,East,None,25 to 29,Daylight,Intersection,Turning Left,0,0,0,Dry,0,4,0,Passive Control,0,0,0
10821,Non-Fatal Injury,Yes,,Yes,Yes,2014-05-05T00:00:00,,Toronto and East York,Failed to Yield Right of Way,,63,10,South,None,45 to 49,Daylight,Intersection,Turning Left,0,0,0,Dry,0,4,0,Passive Control,0,0,0
10823,Fatal,Yes,,Yes,,2014-05-08T00:00:00,,Etobicoke York,Improper Turn,,11,21,South,None,25 to 29,"Dusk, artificial",Mid-Block,Turning Left,0,0,0,Dry,0,5,1,No Control,0,0,0
10824,Fatal,Yes,,Yes,,2014-05-08T00:00:00,,Etobicoke York,Exceeding Speed Limit,,11,21,North,Fatal,20 to 24,"Dusk, artificial",Mid-Block,Going Ahead,0,0,0,Dry,0,5,1,No Control,0,0,0
10825,Non-Fatal Injury,Yes,,Yes,,2014-05-09T00:00:00,Yes,Scarborough,Disobeyed Traffic Control,,138,9,West,Major,75 to 79,Daylight,Intersection,Going Ahead,0,0,0,Dry,0,4,0,Passive Control,0,0,0
10826,Non-Fatal Injury,Yes,,Yes,,2014-05-09T00:00:00,Yes,Scarborough,Driving Properly,,138,9,South,Minor,60 to 64,Daylight,Intersection,Going Ahead,0,0,0,Dry,0,4,0,Passive Control,0,0,0
10828,Fatal,,,Yes,,2014-05-10T00:00:00,,Toronto and East York,Improper Lane Change,,78,2,West,None,30 to 34,"Dark, artificial",Intersection,Changing Lanes,0,0,0,Dry,0,4,0,No Control,0,0,0
10829,Fatal,,,Yes,,2014-05-10T00:00:00,,Toronto and East York,Driving Properly,,78,2,West,None,60 to 64,"Dark, artificial",Intersection,Stopped,0,0,0,Dry,0,4,0,No Control,0,0,0
10831,Non-Fatal Injury,,,Yes,,2014-05-10T00:00:00,,Etobicoke York,Improper Lane Change,,17,19,East,Major,50 to 54,Daylight,Mid-Block,Changing Lanes,0,0,0,Dry,0,4,0,No Control,0,0,0
10832,Non-Fatal Injury,,,Yes,,2014-05-10T00:00:00,,Etobicoke York,Driving Properly,,17,19,East,Minimal,30 to 34,Daylight,Mid-Block,Going Ahead,0,0,0,Dry,0,4,0,No Control,0,0,0
10833,Non-Fatal Injury,Yes,,Yes,,2014-05-11T00:00:00,,North York,Failed to Yield Right of Way,,31,10,West,None,35 to 39,Daylight,Intersection,Turning Left,0,0,0,Dry,0,4,0,Passive Control,0,0,0
10835,Non-Fatal Injury,Yes,,Yes,Yes,2014-05-12T00:00:00,,Toronto and East York,Failed to Yield Right of Way,,70,7,West,None,35 to 39,Daylight,Intersection,Turning Right,0,0,0,Dry,0,5,0,Passive Control,0,0,0
10840,Non-Fatal Injury,,,,,2014-05-12T00:00:00,,Scarborough,Improper Turn,,135,23,East,,Unknown,Dark,Intersection,Turning Left,0,0,0,Wet,0,0,0,No Control,0,0,5
10843,Non-Fatal Injury,Yes,,Yes,,2014-05-14T00:00:00,,Toronto and East York,Failed to Yield Right of Way,,86,19,North,None,30 to 34,Dusk,Intersection,Turning Left,0,0,0,Wet,0,4,0,Passive Control,0,0,5
10845,Non-Fatal Injury,Yes,,Yes,,2014-05-15T00:00:00,,North York,Failed to Yield Right of Way,,34,7,West,None,60 to 64,Daylight,Intersection,Turning Left,0,0,0,Dry,0,4,0,Passive Control,0,0,0
10846,Non-Fatal Injury,Yes,,Yes,,2014-05-15T00:00:00,,North York,Driving Properly,,34,7,West,Minimal,20 to 24,Daylight,Intersection,Stopped,0,0,0,Dry,0,4,0,Passive Control,0,0,0
10847,Non-Fatal Injury,Yes,,Yes,,2014-05-15T00:00:00,,North York,Driving Properly,,34,7,West,None,60 to 64,Daylight,Intersection,Stopped,0,0,0,Dry,0,4,0,Passive Control,0,0,0
10849,Non-Fatal Injury,,,Yes,,2014-05-17T00:00:00,,Toronto and East York,Driving Properly,,75,17,South,None,20 to 24,Daylight,Mid-Block,Going Ahead,0,0,0,Dry,0,4,0,No Control,0,0,0
10852,Fatal,,,Yes,,2014-05-21T00:00:00,,Etobicoke York,Other,,1,6,South,Minor,60 to 64,Daylight,Intersection,Going Ahead,0,0,0,Dry,0,4,0,Passive Control,0,0,0
10853,Fatal,,,Yes,,2014-05-21T00:00:00,,Etobicoke York,Driving Properly,,1,6,South,Minor,35 to 39,Daylight,Intersection,Stopped,0,0,0,Dry,0,4,0,Passive Control,0,0,0
10854,Fatal,,,Yes,,2014-05-21T00:00:00,,Etobicoke York,Driving Properly,,1,6,South,Minor,30 to 34,Daylight,Intersection,Stopped,0,0,0,Dry,0,4,0,Passive Control,0,0,0
10856,Fatal,,,Yes,,2014-05-21T00:00:00,,Etobicoke York,Driving Properly,,1,6,South,None,30 to 34,Daylight,Intersection,Stopped,0,0,0,Dry,0,4,0,Passive Control,0,0,0
10857,Fatal,,,Yes,,2014-05-21T00:00:00,,Etobicoke York,Driving Properly,,1,6,South,None,50 to 54,Daylight,Intersection,Stopped,0,0,0,Dry,0,4,0,Passive Control,0,0,0
10861,Non-Fatal Injury,Yes,,Yes,,2014-07-08T00:00:00,,North York,Disobeyed Traffic Control,,44,20,South,None,45 to 49,Daylight,Intersection,Going Ahead,0,0,0,Dry,0,4,0,Passive Control,0,0,0
10863,Non-Fatal Injury,Yes,,Yes,,2014-07-08T00:00:00,,North York,Driving Properly,,44,20,East,Minimal,80 to 84,Daylight,Intersection,Going Ahead,0,0,0,Dry,0,4,0,Passive Control,0,0,0
10864,Fatal,,,Yes,,2014-03-06T00:00:00,,Etobicoke York,Lost control,,15,7,South,Fatal,50 to 54,Daylight,Intersection,Pulling Onto Shoulder or towardCurb,0,0,0,Slush,0,0,0,No Control,0,0,6
10865,Non-Fatal Injury,Yes,,Yes,,2014-03-06T00:00:00,,Toronto and East York,Disobeyed Traffic Control,,87,17,West,None,25 to 29,Daylight,Intersection,Going Ahead,0,0,0,Dry,0,4,0,Passive Control,0,0,0
10869,Non-Fatal Injury,Yes,,Yes,,2014-07-10T00:00:00,,North York,Failed to Yield Right of Way,,42,7,South,Minor,35 to 39,Daylight,Mid-Block,Going Ahead,0,0,0,Dry,0,4,0,No Control,0,0,0
10870,Non-Fatal Injury,Yes,,Yes,,2014-07-10T00:00:00,,North York,Driving Properly,,42,7,South,Major,25 to 29,Daylight,Mid-Block,Slowing or Stopping,0,0,0,Dry,0,4,0,No Control,0,0,0
10871,Non-Fatal Injury,,,Yes,,2014-07-10T00:00:00,,Etobicoke York,Lost control,,1,12,South,Major,60 to 64,Daylight,Intersection,Going Ahead,0,0,0,Dry,0,4,0,Passive Control,0,0,0
10872,Fatal,,,Yes,,2014-07-10T00:00:00,,Toronto and East York,Other,,88,19,North,None,50 to 54,Daylight,Mid-Block,Reversing,0,0,0,Dry,0,5,0,No Control,0,0,0
10874,Non-Fatal Injury,,,Yes,Yes,2014-07-11T00:00:00,,Toronto and East York,Driving Properly,,120,19,South,None,50 to 54,Daylight,Intersection,Going Ahead,0,0,0,Dry,0,4,0,No Control,0,0,0
10876,Non-Fatal Injury,Yes,,Yes,,2014-07-12T00:00:00,,Scarborough,Disobeyed Traffic Control,,119,14,North,None,50 to 54,Daylight,Intersection,Going Ahead,0,0,0,Dry,0,4,0,Passive Control,0,0,0
10878,Non-Fatal Injury,,,Yes,,2014-07-14T00:00:00,,Etobicoke York,Lost control,,7,4,East,Major,20 to 24,"Dark, artificial",Intersection,Going Ahead,0,0,0,Dry,0,4,0,Passive Control,0,0,0
10879,Non-Fatal Injury,Yes,,Yes,,2014-07-14T00:00:00,,North York,Following too Close,,26,14,North,Major,20 to 24,Daylight,Intersection,Going Ahead,0,0,0,Dry,0,4,0,Passive Control,0,0,0
10880,Non-Fatal Injury,Yes,,Yes,,2014-07-14T00:00:00,,North York,Driving Properly,,26,14,North,None,60 to 64,Daylight,Intersection,Stopped,0,0,0,Dry,0,4,0,Passive Control,0,0,0
10881,Non-Fatal Injury,Yes,,Yes,Yes,2014-07-14T00:00:00,,North York,Failed to Yield Right of Way,,51,17,North,None,35 to 39,Daylight,Intersection,Turning Left,0,0,0,Dry,0,4,0,No Control,0,0,0
10882,Non-Fatal Injury,Yes,,Yes,Yes,2014-07-14T00:00:00,,North York,Driving Properly,,51,17,South,Major,40 to 44,Daylight,Intersection,Going Ahead,0,0,0,Dry,0,4,0,No Control,0,0,0
10885,Fatal,Yes,,Yes,,2014-07-16T00:00:00,,North York,Failed to Yield Right of Way,,56,16,South,None,50 to 54,Daylight,Intersection,Turning Right,0,0,0,Dry,0,0,0,Passive Control,0,0,0
10889,Non-Fatal Injury,Yes,,Yes,Yes,2014-07-18T00:00:00,,Toronto and East York,Driving Properly,,73,22,West,None,25 to 29,Dark,Intersection,Going Ahead,0,0,0,Dry,0,5,0,No Control,0,0,0
10891,Non-Fatal Injury,,,,Yes,2014-07-18T00:00:00,,Etobicoke York,Other,,25,23,East,None,35 to 39,Daylight,Mid-Block,Going Ahead,0,0,0,Dry,0,4,0,No Control,0,0,0
10893,Non-Fatal Injury,,,Yes,,2014-07-21T00:00:00,,Toronto and East York,Improper Turn,,92,17,West,None,20 to 24,Daylight,Intersection,Turning Left,0,0,0,Dry,0,4,0,Passive Control,0,0,0
10894,Non-Fatal Injury,,,Yes,,2014-07-21T00:00:00,,Toronto and East York,Driving Properly,,92,17,North,Major,35 to 39,Daylight,Intersection,Going Ahead,0,0,0,Dry,0,4,0,Passive Control,0,0,0
10895,Non-Fatal Injury,,,Yes,,2014-07-23T00:00:00,,Toronto and East York,Other,,95,11,East,None,35 to 39,Daylight,Mid-Block,Reversing,0,0,0,Dry,0,0,0,No Control,0,0,0
10897,Non-Fatal Injury,,,Yes,,2014-07-27T00:00:00,,Scarborough,Improper Turn,,140,11,West,None,20 to 24,Daylight,Intersection,Turning Left,0,0,0,Dry,0,5,0,No Control,0,0,0
10898,Non-Fatal Injury,,,Yes,,2014-07-27T00:00:00,,Scarborough,Driving Properly,,140,11,East,Major,25 to 29,Daylight,Intersection,Going Ahead,0,0,0,Dry,0,5,0,No Control,0,0,0
10899,Fatal,,,,,2014-07-28T00:00:00,,Etobicoke York,Driving Properly,,1,5,South,None,60 to 64,"Dawn, artificial",Intersection,Turning Left,0,0,0,Wet,0,4,0,Passive Control,1,0,5
10902,Fatal,Yes,,Yes,,2014-07-28T00:00:00,,North York,Driving Properly,,51,12,East,Minimal,65 to 69,Daylight,Intersection,Going Ahead,0,0,0,Dry,0,4,0,Passive Control,0,0,0
10904,Fatal,Yes,,Yes,,2014-07-28T00:00:00,,North York,Disobeyed Traffic Control,,51,12,North,Fatal,90 to 94,Daylight,Intersection,Turning Left,0,0,0,Dry,0,4,0,Passive Control,0,0,0
10907,Non-Fatal Injury,,,Yes,,2014-07-28T00:00:00,,North York,Driving Properly,,38,15,North,None,60 to 64,Daylight,Intersection,Going Ahead,0,0,0,Dry,0,4,0,No Control,0,0,0
10908,Non-Fatal Injury,Yes,,Yes,Yes,2014-07-29T00:00:00,,Toronto and East York,Improper Passing,,70,16,East,None,50 to 54,Daylight,Intersection,Going Ahead,0,0,0,Dry,0,4,0,Passive Control,0,0,0
10910,Non-Fatal Injury,,,Yes,Yes,2014-07-30T00:00:00,,North York,Driving Properly,,99,23,East,None,25 to 29,"Dark, artificial",Intersection,Going Ahead,0,0,0,Dry,0,4,0,Passive Control,0,0,0
10912,Non-Fatal Injury,,,Yes,,2014-08-01T00:00:00,,Etobicoke York,Lost control,,17,2,East,Major,20 to 24,"Dark, artificial",Mid-Block,Unknown,0,0,0,Dry,0,4,0,No Control,0,0,0
10913,Fatal,Yes,,Yes,Yes,2014-08-01T00:00:00,,Scarborough,Speed too Fast For Condition,,132,17,West,None,15 to 19,Daylight,Intersection,Going Ahead,0,0,0,Dry,0,4,1,Passive Control,0,0,0
10915,Fatal,Yes,,Yes,Yes,2014-08-01T00:00:00,,Scarborough,Speed too Fast For Condition,,132,17,North,None,50 to 54,Daylight,Intersection,Going Ahead,0,0,0,Dry,0,4,1,Passive Control,0,0,0
10916,Non-Fatal Injury,,,Yes,Yes,2014-08-01T00:00:00,,Toronto and East York,Driving Properly,,60,17,South,None,65 to 69,Daylight,Intersection,Going Ahead,0,0,0,Dry,0,3,0,Passive Control,0,0,0
10918,Non-Fatal Injury,Yes,,Yes,Yes,2014-08-02T00:00:00,,Toronto and East York,Failed to Yield Right of Way,,94,12,West,None,Unknown,Daylight,Intersection,Overtaking,0,0,0,Dry,0,4,0,Passive Control,0,0,0
10920,Non-Fatal Injury,Yes,,Yes,,2014-08-02T00:00:00,,North York,Driving Properly,,26,23,West,None,35 to 39,"Dark, artificial",Mid-Block,Going Ahead,0,0,0,Dry,0,4,0,No Control,0,0,0
10921,Non-Fatal Injury,Yes,,Yes,,2014-08-02T00:00:00,,North York,Lost control,,26,23,West,Minor,15 to 19,"Dark, artificial",Mid-Block,Going Ahead,0,0,0,Dry,0,4,0,No Control,0,0,0
10923,Non-Fatal Injury,Yes,,Yes,,2014-08-03T00:00:00,,Etobicoke York,Failed to Yield Right of Way,,12,13,West,Major,75 to 79,Daylight,Intersection,Turning Left,0,0,0,Dry,0,4,0,Passive Control,0,0,0
10924,Non-Fatal Injury,Yes,,Yes,,2014-08-03T00:00:00,,Etobicoke York,Driving Properly,,12,13,East,None,30 to 34,Daylight,Intersection,Going Ahead,0,0,0,Dry,0,4,0,Passive Control,0,0,0
10925,Non-Fatal Injury,Yes,,Yes,,2014-08-05T00:00:00,,Scarborough,Failed to Yield Right of Way,,132,19,North,None,35 to 39,Daylight,Intersection,Turning Left,0,0,0,Dry,0,5,0,Passive Control,0,0,0
10928,Non-Fatal Injury,Yes,,Yes,,2014-08-06T00:00:00,,North York,Failed to Yield Right of Way,,27,15,West,Minor,85 to 89,Daylight,Intersection,Turning Left,0,0,0,Dry,0,5,0,Passive Control,0,1,0
10929,Non-Fatal Injury,Yes,,Yes,,2014-08-06T00:00:00,,North York,Driving Properly,,27,15,South,Minor,35 to 39,Daylight,Intersection,Going Ahead,0,0,0,Dry,0,5,0,Passive Control,0,1,0
10930,Non-Fatal Injury,Yes,,Yes,,2014-08-06T00:00:00,,North York,Driving Properly,,27,15,North,Minimal,50 to 54,Daylight,Intersection,Going Ahead,0,0,0,Dry,0,5,0,Passive Control,0,1,0
10932,Non-Fatal Injury,,,,,2014-08-07T00:00:00,,Etobicoke York,Lost control,,1,1,West,Major,35 to 39,"Dusk, artificial",Intersection,Going Ahead,0,0,0,Dry,0,4,0,Passive Control,0,0,0
10933,Fatal,Yes,,Yes,,2014-08-07T00:00:00,,North York,Disobeyed Traffic Control,,50,16,South,Minor,25 to 29,Daylight,Intersection,Going Ahead,0,0,0,Dry,0,4,0,Passive Control,0,0,0
10935,Fatal,Yes,,Yes,,2014-08-07T00:00:00,,North York,Driving Properly,,50,16,North,None,20 to 24,Daylight,Intersection,Turning Left,0,0,0,Dry,0,4,0,Passive Control,0,0,0
10938,Non-Fatal Injury,,,Yes,,2014-08-07T00:00:00,,Toronto and East York,Improper Lane Change,,77,20,West,Minimal,25 to 29,Dark,Intersection,Changing Lanes,0,0,0,Dry,0,4,0,Passive Control,0,0,0
10939,Non-Fatal Injury,,,Yes,,2014-08-07T00:00:00,,Toronto and East York,Driving Properly,,77,20,West,Minimal,45 to 49,Dark,Intersection,Going Ahead,0,0,0,Dry,0,4,0,Passive Control,0,0,0
10943,Non-Fatal Injury,Yes,,Yes,,2014-03-07T00:00:00,,North York,Driving Properly,,42,6,South,Major,60 to 64,Daylight,Mid-Block,Stopped,0,0,0,Dry,0,4,0,No Control,0,0,0
10944,Non-Fatal Injury,Yes,,Yes,,2014-03-07T00:00:00,,North York,Following too Close,,42,6,South,Major,25 to 29,Daylight,Mid-Block,Slowing or Stopping,0,0,0,Dry,0,4,0,No Control,0,0,0
10945,Non-Fatal Injury,Yes,,Yes,,2014-03-07T00:00:00,,Scarborough,Driving Properly,,116,8,East,Minimal,25 to 29,Daylight,Intersection,Going Ahead,0,0,0,Dry,0,4,0,Passive Control,0,0,0
10946,Non-Fatal Injury,Yes,,Yes,,2014-03-07T00:00:00,,Scarborough,Driving Properly,,116,8,North,None,60 to 64,Daylight,Intersection,Stopped,0,0,0,Dry,0,4,0,Passive Control,0,0,0
10947,Non-Fatal Injury,Yes,,Yes,,2014-03-07T00:00:00,,Scarborough,Failed to Yield Right of Way,,116,8,West,Minimal,50 to 54,Daylight,Intersection,Turning Left,0,0,0,Dry,0,4,0,Passive Control,0,0,0
10950,Non-Fatal Injury,Yes,,,,2014-03-07T00:00:00,,Toronto and East York,Failed to Yield Right of Way,,77,20,North,None,Unknown,"Dark, artificial",Intersection,Going Ahead,0,0,0,Dry,0,4,0,Passive Control,0,0,0
10951,Non-Fatal Injury,,,,,2014-03-09T00:00:00,,Toronto and East York,Other,,77,0,South,None,Unknown,"Dark, artificial",Intersection,Turning Right,0,0,0,Dry,0,4,0,Passive Control,0,0,0
10953,Non-Fatal Injury,Yes,,Yes,,2014-03-11T00:00:00,,Etobicoke York,Exceeding Speed Limit,,1,3,East,Major,45 to 49,Dark,Mid-Block,Going Ahead,0,0,0,Dry,0,4,1,No Control,0,0,0
10954,Non-Fatal Injury,,,Yes,,2014-03-13T00:00:00,,Toronto and East York,Driving Properly,,73,17,West,Major,45 to 49,Daylight,Intersection,Going Ahead,0,0,0,Dry,0,4,0,Passive Control,0,0,0
10956,Non-Fatal Injury,Yes,,Yes,,2014-03-14T00:00:00,,Toronto and East York,Failed to Yield Right of Way,,77,15,South,None,20 to 24,Daylight,Intersection,Turning Right,0,0,0,Dry,0,4,0,Passive Control,0,0,0
10959,Non-Fatal Injury,Yes,,Yes,,2014-03-14T00:00:00,,Scarborough,Driving Properly,,138,20,North,None,40 to 44,"Dark, artificial",Intersection,Going Ahead,0,0,0,Dry,0,4,0,Passive Control,0,0,0
10960,Non-Fatal Injury,Yes,,Yes,,2014-03-14T00:00:00,,Scarborough,Driving Properly,,138,20,West,None,30 to 34,"Dark, artificial",Intersection,Stopped,0,0,0,Dry,0,4,0,Passive Control,0,0,0
10961,Non-Fatal Injury,Yes,,Yes,,2014-03-14T00:00:00,,Scarborough,Failed to Yield Right of Way,,138,20,South,None,15 to 19,"Dark, artificial",Intersection,Turning Left,0,0,0,Dry,0,4,0,Passive Control,0,0,0
10965,Non-Fatal Injury,,,Yes,,2014-03-17T00:00:00,,Scarborough,Driving Properly,,124,7,North,None,15 to 19,Dark,Mid-Block,Going Ahead,0,0,0,Dry,0,4,0,No Control,0,0,0
10967,Non-Fatal Injury,,,Yes,,2014-03-19T00:00:00,,Toronto and East York,Driving Properly,,70,6,South,None,30 to 34,Dark,Mid-Block,Going Ahead,0,0,0,Dry,0,5,0,No Control,0,0,0
10970,Non-Fatal Injury,,,Yes,,2014-03-19T00:00:00,,Toronto and East York,Driving Properly,,70,6,South,None,60 to 64,Dark,Mid-Block,Going Ahead,0,0,0,Dry,0,5,0,No Control,0,0,0
10972,Non-Fatal Injury,,,Yes,,2014-03-21T00:00:00,,Scarborough,Lost control,,137,1,North,Major,30 to 34,"Dark, artificial",Mid-Block,Going Ahead,0,0,0,Loose Sand or Gravel,0,5,0,No Control,0,0,0