,ACCLASS,AG_DRIV,ALCOHOL,AUTOMOBILE,CYCLIST,DATE,DISABILITY,DISTRICT,DRIVACT,EMERG_VEH,HOOD_ID,HOUR,INITDIR,INJURY,INVAGE,LIGHT,LOCCOORD,MANOEUVER,MOTORCYCLE,PASSENGER,PEDESTRIAN,RDSFCOND,REDLIGHT,ROAD_CLASS,SPEEDING,TRAFFCTL,TRSN_CITY_VEH,TRUCK,VISIBILITY
15345,Non-Fatal Injury,Yes,,Yes,,2019-08-03T00:00:00,,Etobicoke York,Driving Properly,,87,20,South,Major,15 to 19,"Dark, artificial",Intersection,Going Ahead,0,0,0,Dry,0,4,1,Passive Control,0,0,0
15346,Non-Fatal Injury,,,Yes,,2018-11-01T00:00:00,,Toronto and East York,Improper Turn,,62,18,South,Major,75 to 79,"Dark, artificial",Intersection,Turning Left,0,0,0,Wet,0,4,0,Passive Control,0,0,5
15347,Non-Fatal Injury,Yes,,Yes,,2019-07-07T00:00:00,,Etobicoke York,Speed too Fast For Condition,,91,6,West,Major,25 to 29,Daylight,Intersection,Going Ahead,0,0,0,Dry,0,0,1,Passive Control,0,0,0
15348,Non-Fatal Injury,,,Yes,,2019-06-03T00:00:00,,Scarborough,Driving Properly,,128,15,South,None,60 to 64,Daylight,Intersection,Going Ahead,0,0,0,Dry,0,4,0,Passive Control,0,0,0
15351,Non-Fatal Injury,,,Yes,,2019-08-04T00:00:00,,Toronto and East York,Lost control,,79,2,North,None,20 to 24,Daylight,Mid-Block,Going Ahead,0,0,0,Dry,0,4,0,No Control,0,0,0
15352,Non-Fatal Injury,,,Yes,,2019-08-04T00:00:00,,Toronto and East York,Driving Properly,,79,2,North,Minimal,30 to 34,Daylight,Mid-Block,Going Ahead,0,0,0,Dry,0,4,0,No Control,0,0,0
15354,Non-Fatal Injury,Yes,,Yes,,2019-08-05T00:00:00,,Toronto and East York,Disobeyed Traffic Control,,72,0,West,Minimal,25 to 29,"Dark, artificial",Intersection,Going Ahead,0,0,0,Dry,0,5,1,Passive Control,0,0,0
15355,Non-Fatal Injury,Yes,,Yes,,2019-08-05T00:00:00,,Toronto and East York,Driving Properly,,72,0,North,Minor,20 to 24,"Dark, artificial",Intersection,Going Ahead,0,0,0,Dry,0,5,1,Passive Control,0,0,0
15360,Fatal,Yes,,Yes,,2019-08-05T00:00:00,,North York,Failed to Yield Right of Way,,49,16,East,None,40 to 44,Daylight,Intersection,Turning Left,0,0,0,Dry,0,4,0,Passive Control,0,0,0
15361,Fatal,Yes,,Yes,,2019-08-05T00:00:00,,North York,Driving Properly,,49,16,West,Fatal,25 to 29,Daylight,Intersection,Going Ahead,0,0,0,Dry,0,4,0,Passive Control,0,0,0
15362,Non-Fatal Injury,Yes,,Yes,,2019-08-05T00:00:00,,Scarborough,Lost control,,119,22,North,Major,20 to 24,"Dark, artificial",Mid-Block,Going Ahead,0,0,0,Dry,0,4,1,No Control,0,0,0
15364,Non-Fatal Injury,Yes,,Yes,,2019-08-05T00:00:00,,Scarborough,Driving Properly,,119,22,North,None,25 to 29,"Dark, artificial",Mid-Block,Going Ahead,0,0,0,Dry,0,4,1,No Control,0,0,0
15366,Fatal,,,Yes,,2019-08-09T00:00:00,,North York,Lost control,,51,9,East,None,35 to 39,Daylight,Mid-Block,Going Ahead,0,0,0,Dry,0,4,0,No Control,0,0,0
15367,Non-Fatal Injury,,,Yes,,2019-08-11T00:00:00,,Etobicoke York,Improper Turn,,26,15,South,None,25 to 29,Daylight,Intersection,Turning Left,0,0,0,Dry,0,4,0,Passive Control,0,0,0
15368,Non-Fatal Injury,,,Yes,,2019-08-11T00:00:00,,Etobicoke York,Driving Properly,,26,15,North,None,25 to 29,Daylight,Intersection,Going Ahead,0,0,0,Dry,0,4,0,Passive Control,0,0,0
15369,Non-Fatal Injury,,,Yes,,2019-08-11T00:00:00,,Etobicoke York,Driving Properly,,26,15,South,None,40 to 44,Daylight,Intersection,Stopped,0,0,0,Dry,0,4,0,Passive Control,0,0,0
15373,Non-Fatal Injury,Yes,,Yes,Yes,2019-08-12T00:00:00,,Scarborough,Failed to Yield Right of Way,,76,10,West,None,20 to 24,Daylight,Intersection,Turning Right,0,0,0,Dry,0,4,0,Passive Control,0,0,0
15375,Fatal,Yes,,Yes,,2019-08-13T00:00:00,,Scarborough,Driving Properly,,130,13,East,Fatal,40 to 44,Daylight,Intersection,Going Ahead,0,0,0,Dry,0,4,0,Passive Control,0,0,0
15377,Fatal,Yes,,Yes,,2019-08-13T00:00:00,,Scarborough,Failed to Yield Right of Way,,130,13,West,None,35 to 39,Daylight,Intersection,Turning Left,0,0,0,Dry,0,4,0,Passive Control,0,0,0
15378,Non-Fatal Injury,Yes,,Yes,Yes,2019-08-13T00:00:00,,,Disobeyed Traffic Control,,122,17,East,Minimal,80 to 84,Daylight,Intersection,Turning Left,0,0,0,Dry,0,4,0,Passive Control,0,0,0
15383,Non-Fatal Injury,Yes,,Yes,,2019-08-14T00:00:00,,North York,Failed to Yield Right of Way,,31,11,East,None,25 to 29,Daylight,Intersection,Turning Left,0,0,0,Dry,0,4,0,Passive Control,0,0,0
15384,Non-Fatal Injury,Yes,,Yes,,2019-08-14T00:00:00,,North York,Driving Properly,,31,11,South,Major,25 to 29,Daylight,Intersection,Going Ahead,0,0,0,Dry,0,4,0,Passive Control,0,0,0
15386,Non-Fatal Injury,Yes,,Yes,,2019-08-15T00:00:00,,Toronto and East York,Disobeyed Traffic Control,,77,6,East,None,30 to 34,Daylight,Intersection,Going Ahead,0,0,0,Dry,0,4,0,Passive Control,0,0,0
15389,Non-Fatal Injury,,,Yes,,2019-08-17T00:00:00,,North York,Lost control,,47,12,South,None,75 to 79,Daylight,Intersection,Going Ahead,0,0,0,Dry,0,5,0,Passive Control,0,0,0
15392,Non-Fatal Injury,,,Yes,,2019-08-17T00:00:00,,Scarborough,Driving Properly,,129,23,West,None,25 to 29,"Dark, artificial",Intersection,Going Ahead,0,0,0,Dry,0,4,0,Passive Control,0,0,0
15394,Non-Fatal Injury,,,Yes,,2019-08-19T00:00:00,,Scarborough,Improper Lane Change,,122,17,West,Major,25 to 29,Daylight,Intersection,Changing Lanes,0,0,0,Dry,0,4,0,No Control,0,0,0
15395,Non-Fatal Injury,,,Yes,,2019-08-19T00:00:00,,Scarborough,Driving Properly,,122,17,West,None,35 to 39,Daylight,Intersection,Going Ahead,0,0,0,Dry,0,4,0,No Control,0,0,0
15396,Non-Fatal Injury,Yes,,Yes,,2019-08-19T00:00:00,,Scarborough,Speed too Fast For Condition,,131,21,South,Major,20 to 24,"Dark, artificial",Mid-Block,Overtaking,0,0,0,Dry,0,4,1,No Control,0,0,0
15397,Non-Fatal Injury,Yes,,Yes,,2019-08-19T00:00:00,,Scarborough,Driving Properly,,131,21,South,None,25 to 29,"Dark, artificial",Mid-Block,Going Ahead,0,0,0,Dry,0,4,1,No Control,0,0,0
15399,Non-Fatal Injury,Yes,,Yes,,2019-08-20T00:00:00,,Scarborough,Failed to Yield Right of Way,,132,15,East,None,25 to 29,Daylight,Intersection,Turning Left,0,0,0,Dry,0,4,0,Passive Control,0,0,0
15401,Non-Fatal Injury,,,,,2019-08-20T00:00:00,,,Lost control,,95,15,South,Major,50 to 54,Daylight,Mid-Block,Going Ahead,0,0,0,Dry,0,4,0,No Control,0,0,0
15403,Fatal,,,Yes,,2019-08-20T00:00:00,,North York,Driving Properly,,49,21,West,None,30 to 34,"Dark, artificial",Intersection,Going Ahead,0,0,0,Dry,0,4,0,Passive Control,0,0,0
15404,Fatal,Yes,,Yes,,2019-08-21T00:00:00,,Scarborough,Failed to Yield Right of Way,,128,11,East,None,45 to 49,Daylight,Intersection,Turning Right,0,0,0,Dry,0,4,0,Passive Control,0,1,0
15405,Fatal,Yes,,Yes,,2019-08-21T00:00:00,,Scarborough,Failed to Yield Right of Way,,128,11,East,None,Unknown,Daylight,Intersection,Unknown,0,0,0,Dry,0,4,0,Passive Control,0,1,0
15407,Non-Fatal Injury,Yes,,Yes,,2019-08-22T00:00:00,,Etobicoke York,Failed to Yield Right of Way,,9,8,West,None,40 to 44,Daylight,Intersection,Going Ahead,0,0,0,Dry,0,4,0,Passive Control,0,0,0
15408,Non-Fatal Injury,Yes,,Yes,,2019-08-22T00:00:00,,Etobicoke York,Driving Properly,,9,8,North,Major,65 to 69,Daylight,Intersection,Going Ahead,0,0,0,Dry,0,4,0,Passive Control,0,0,0
15409,Non-Fatal Injury,Yes,,Yes,,2019-08-22T00:00:00,,Toronto and East York,Disobeyed Traffic Control,,76,15,North,None,50 to 54,Daylight,Intersection,Going Ahead,0,0,0,Dry,0,4,0,Passive Control,0,0,0
15410,Non-Fatal Injury,Yes,,Yes,,2019-08-22T00:00:00,,Toronto and East York,Driving Properly,,76,15,West,Major,20 to 24,Daylight,Intersection,Going Ahead,0,0,0,Dry,0,4,0,Passive Control,0,0,0
15411,Non-Fatal Injury,Yes,,Yes,,2019-08-22T00:00:00,,Toronto and East York,Driving Properly,,76,15,West,None,20 to 24,Daylight,Intersection,Going Ahead,0,0,0,Dry,0,4,0,Passive Control,0,0,0
15417,Non-Fatal Injury,Yes,,Yes,,2019-08-22T00:00:00,,Toronto East York,Following too Close,,70,18,East,Major,50 to 54,Dusk,Intersection,Going Ahead,0,0,0,Dry,0,4,0,Active Control,0,0,0
15418,Non-Fatal Injury,Yes,,Yes,,2019-08-22T00:00:00,,Toronto East York,Driving Properly,,70,18,East,Major,50 to 54,Dusk,Intersection,Slowing or Stopping,0,0,0,Dry,0,4,0,Active Control,0,0,0
15419,Non-Fatal Injury,Yes,,,,2019-08-23T00:00:00,,Toronto and East York,Following too Close,,96,7,West,None,35 to 39,Daylight,Intersection,Going Ahead,0,0,0,Dry,0,5,0,Passive Control,1,1,0
15420,Non-Fatal Injury,Yes,,,,2019-08-23T00:00:00,,Toronto and East York,Driving Properly,,96,7,West,Minimal,25 to 29,Daylight,Intersection,Stopped,0,0,0,Dry,0,5,0,Passive Control,1,1,0
15424,Non-Fatal Injury,,,Yes,,2019-08-25T00:00:00,,Scarborough,Driving Properly,,130,0,West,None,15 to 19,Dark,Intersection,Going Ahead,0,0,0,Dry,0,0,0,No Control,0,0,0
15426,Non-Fatal Injury,Yes,,Yes,,2019-08-25T00:00:00,,Etobicoke York,Failed to Yield Right of Way,,13,11,North,None,Unknown,Daylight,Intersection,Going Ahead,0,0,0,Dry,0,0,0,No Control,0,0,0
15428,Fatal,,,Yes,,2019-08-25T00:00:00,,Scarborough,Driving Properly,,136,20,East,None,60 to 64,Dark,Mid-Block,Going Ahead,0,0,0,Dry,0,4,0,No Control,0,0,0
15430,Non-Fatal Injury,Yes,,,,2019-08-26T00:00:00,,Scarborough,Lost control,,131,20,North,Major,45 to 49,Dark,Mid-Block,Going Ahead,0,0,0,Dry,0,0,0,No Control,0,0,0
15432,Fatal,,,Yes,,2019-08-30T00:00:00,,Scarborough,Other,,118,20,East,None,Unknown,Dark,Mid-Block,Going Ahead,0,0,0,Dry,0,4,0,No Control,0,0,0
15433,Non-Fatal Injury,Yes,,Yes,,2019-08-31T00:00:00,,North York,Failed to Yield Right of Way,,98,7,East,None,50 to 54,Daylight,Intersection,Turning Left,0,0,0,Dry,0,4,0,Passive Control,0,0,0
15435,Non-Fatal Injury,Yes,,Yes,Yes,2019-08-31T00:00:00,,,Failed to Yield Right of Way,,2,17,West,None,65 to 69,Daylight,Intersection,Turning Right,0,0,0,Dry,0,4,0,No Control,0,0,0
15437,Non-Fatal Injury,Yes,,Yes,,2019-09-02T00:00:00,,Etobicoke York,Exceeding Speed Limit,,13,14,North,Major,20 to 24,Daylight,Mid-Block,Going Ahead,0,0,0,Dry,0,5,1,No Control,0,0,0
15438,Non-Fatal Injury,Yes,,Yes,,2019-09-02T00:00:00,,Etobicoke York,Failed to Yield Right of Way,,13,14,West,None,30 to 34,Daylight,Mid-Block,Going Ahead,0,0,0,Dry,0,5,1,No Control,0,0,0
15439,Non-Fatal Injury,Yes,,Yes,,2019-09-02T00:00:00,,Etobicoke York,Exceeding Speed Limit,,13,14,North,None,Unknown,Daylight,Mid-Block,Going Ahead,0,0,0,Dry,0,5,1,No Control,0,0,0
15440,Non-Fatal Injury,Yes,,Yes,Yes,2019-09-02T00:00:00,,Scarborough,Failed to Yield Right of Way,,118,18,South,None,20 to 24,Daylight,Intersection,Turning Right,0,0,0,Dry,0,5,0,Passive Control,0,0,0
15442,Non-Fatal Injury,,,Yes,,2019-09-03T00:00:00,,Scarborough,Other,,126,18,North,Major,70 to 74,Daylight,Mid-Block,Going Ahead,0,0,0,Dry,0,4,0,No Control,0,0,0
15445,Non-Fatal Injury,,,Yes,Yes,2019-09-03T00:00:00,,Toronto and East York,Driving Properly,,77,19,West,None,30 to 34,Dark,Intersection,Going Ahead,0,0,0,Dry,0,4,0,Passive Control,0,0,0
15448,Non-Fatal Injury,Yes,,Yes,,2018-09-28T00:00:00,,Toronto and East York,Speed too Fast For Condition,,97,17,South,None,35 to 39,Daylight,Intersection,Going Ahead,0,0,0,Dry,0,4,1,Passive Control,0,0,0
15449,Non-Fatal Injury,Yes,,,,2019-09-04T00:00:00,,Etobicoke York,Failed to Yield Right of Way,,111,23,South,None,25 to 29,"Dark, artificial",Intersection,Turning Left,0,0,0,Dry,0,4,0,Passive Control,1,0,0
15450,Fatal,,,,,2019-03-07T00:00:00,,North York,Driving Properly,,109,9,East,None,55 to 59,Daylight,Mid-Block,Going Ahead,0,0,0,Other,0,4,0,No Control,1,0,-1
15454,Non-Fatal Injury,,,Yes,,2019-07-07T00:00:00,,Scarborough,Improper Turn,,132,20,North,None,20 to 24,Daylight,Intersection,Turning Left,0,0,0,Dry,0,4,0,Passive Control,0,0,0
15455,Non-Fatal Injury,Yes,,Yes,,2018-09-29T00:00:00,,Scarborough,Failed to Yield Right of Way,,118,8,East,None,Unknown,Daylight,Intersection,Unknown,0,0,0,Dry,0,4,0,No Control,0,0,0
15458,Non-Fatal Injury,Yes,,,,2019-09-04T00:00:00,,Etobicoke York,Driving Properly,,111,23,North,Major,40 to 44,"Dark, artificial",Intersection,Going Ahead,0,0,0,Dry,0,4,0,Passive Control,1,0,0
15459,Non-Fatal Injury,Yes,Yes,Yes,,2019-03-09T00:00:00,,Toronto and East York,Lost control,,77,2,West,Minor,35 to 39,"Dark, artificial",Intersection,Going Ahead,0,0,0,Dry,0,4,0,Passive Control,0,0,0
15460,Non-Fatal Injury,Yes,Yes,Yes,,2019-03-09T00:00:00,,Toronto and East York,Driving Properly,,77,2,West,Minor,50 to 54,"Dark, artificial",Intersection,Stopped,0,0,0,Dry,0,4,0,Passive Control,0,0,0
15462,Non-Fatal Injury,,,Yes,,2019-06-03T00:00:00,,North York,Driving Properly,,49,16,West,None,45 to 49,Daylight,Intersection,Going Ahead,0,0,0,Dry,0,4,0,No Control,0,0,0
15464,Non-Fatal Injury,,,Yes,,2019-07-08T00:00:00,,Etobicoke York,Driving Properly,,87,2,South,None,45 to 49,"Dark, artificial",Intersection,Going Ahead,0,0,0,Dry,0,4,0,No Control,0,0,0
15465,Fatal,,,Yes,,2018-11-01T00:00:00,,Etobicoke York,Driving Properly,,2,20,South,None,70 to 74,Dark,Intersection,Going Ahead,0,0,0,Dry,0,4,0,Passive Control,0,0,0
15468,Non-Fatal Injury,,,Yes,,2018-09-29T00:00:00,,Etobicoke York,Other,,77,17,North,None,55 to 59,Daylight,Intersection,Going Ahead,0,0,0,Dry,0,4,0,Passive Control,0,0,0
15470,Non-Fatal Injury,,,,,2019-07-08T00:00:00,,Etobicoke York,Improper Turn,,30,10,North,None,40 to 44,Daylight,Intersection,Turning Left,0,0,0,Dry,0,4,0,Passive Control,0,1,0
15471,Non-Fatal Injury,,,,,2019-07-08T00:00:00,,Etobicoke York,Driving Properly,,30,10,South,Major,50 to 54,Daylight,Intersection,Going Ahead,0,0,0,Dry,0,4,0,Passive Control,0,1,0
15474,Fatal,,,Yes,,2019-07-10T00:00:00,,North York,Driving Properly,,24,12,West,None,25 to 29,Daylight,Mid-Block,Going Ahead,0,0,0,Dry,0,5,0,No Control,0,0,0
15476,Non-Fatal Injury,Yes,,Yes,,2019-07-12T00:00:00,,North York,Failed to Yield Right of Way,,34,14,South,None,80 to 84,Daylight,Intersection,Going Ahead,0,0,0,Dry,0,4,0,Passive Control,0,0,0
15478,Non-Fatal Injury,Yes,,Yes,,2019-07-12T00:00:00,,Etobicoke York,Failed to Yield Right of Way,,21,18,West,None,15 to 19,Daylight,Mid-Block,Turning Left,0,0,0,Dry,0,0,0,No Control,0,0,0
15479,Non-Fatal Injury,Yes,,Yes,,2019-07-12T00:00:00,,Etobicoke York,Driving Properly,,21,18,East,Major,35 to 39,Daylight,Mid-Block,Going Ahead,0,0,0,Dry,0,0,0,No Control,0,0,0
15480,Non-Fatal Injury,Yes,,Yes,,2019-07-14T00:00:00,,Scarborough,Exceeding Speed Limit,,119,13,West,Major,25 to 29,Daylight,Intersection,Going Ahead,0,0,0,Dry,0,4,1,No Control,0,0,0
15481,Non-Fatal Injury,Yes,,Yes,,2019-07-14T00:00:00,,Scarborough,Improper Lane Change,,119,13,West,None,40 to 44,Daylight,Intersection,Changing Lanes,0,0,0,Dry,0,4,1,No Control,0,0,0
15487,Fatal,Yes,,,,2019-07-16T00:00:00,,North York,Failed to Yield Right of Way,,48,14,East,None,45 to 49,Daylight,Intersection,Turning Left,0,0,0,Dry,0,3,0,No Control,0,1,0
15488,Fatal,Yes,,Yes,,2019-07-18T00:00:00,,Etobicoke York,Failed to Yield Right of Way,,15,22,West,None,55 to 59,"Dark, artificial",Intersection,Turning Left,0,0,0,Dry,0,4,0,No Control,0,0,0
15489,Fatal,Yes,,Yes,,2019-07-18T00:00:00,,Etobicoke York,Driving Properly,,15,22,East,Fatal,25 to 29,"Dark, artificial",Intersection,Going Ahead,0,0,0,Dry,0,4,0,No Control,0,0,0
15490,Non-Fatal Injury,,,Yes,,2019-07-19T00:00:00,,Etobicoke York,Improper Turn,,25,19,West,None,35 to 39,Daylight,Mid-Block,Turning Left,0,0,0,Dry,0,4,0,No Control,0,0,0
15491,Non-Fatal Injury,,,Yes,,2019-07-19T00:00:00,,Etobicoke York,Driving Properly,,25,19,East,None,70 to 74,Daylight,Mid-Block,Going Ahead,0,0,0,Dry,0,4,0,No Control,0,0,0
15496,Non-Fatal Injury,,,Yes,,2019-07-20T00:00:00,,Toronto and East York,Driving Properly,,95,1,North,None,35 to 39,"Dark, artificial",Intersection,Going Ahead,0,0,0,Dry,0,4,0,No Control,0,0,0
15498,Non-Fatal Injury,,,Yes,Yes,2019-07-20T00:00:00,,Toronto and East York,Driving Properly,,76,1,West,None,35 to 39,"Dark, artificial",Mid-Block,Going Ahead,0,0,0,Dry,0,4,0,No Control,0,0,0
15500,Non-Fatal Injury,Yes,,Yes,,2019-07-20T00:00:00,,Scarborough,Failed to Yield Right of Way,,120,22,South,None,55 to 59,"Dark, artificial",Intersection,Turning Right,0,0,0,Wet,0,4,0,Passive Control,0,0,5
15505,Non-Fatal Injury,Yes,,,,2019-07-22T00:00:00,,Toronto and East York,Exceeding Speed Limit,,93,0,South,Major,20 to 24,"Dark, artificial",Intersection,Going Ahead,0,0,0,Dry,0,4,1,Passive Control,1,0,0
15506,Non-Fatal Injury,Yes,,,,2019-07-22T00:00:00,,Toronto and East York,Failed to Yield Right of Way,,93,0,North,None,30 to 34,"Dark, artificial",Intersection,Turning Left,0,0,0,Dry,0,4,1,Passive Control,1,0,0
15507,Non-Fatal Injury,Yes,,Yes,,2019-07-24T00:00:00,,Scarborough,Failed to Yield Right of Way,,119,5,West,None,45 to 49,Daylight,Intersection,Turning Left,0,0,0,Dry,0,4,0,Passive Control,0,0,0
15508,Non-Fatal Injury,Yes,,Yes,,2019-07-24T00:00:00,,Scarborough,Driving Properly,,119,5,North,Major,30 to 34,Daylight,Intersection,Going Ahead,0,0,0,Dry,0,4,0,Passive Control,0,0,0
15509,Non-Fatal Injury,,,Yes,,2019-07-25T00:00:00,,North York,Lost control,,48,17,West,Major,45 to 49,Daylight,Mid-Block,Slowing or Stopping,0,0,0,Dry,0,4,0,No Control,0,0,0
15510,Non-Fatal Injury,,,Yes,,2019-07-25T00:00:00,,North York,Driving Properly,,48,17,West,None,50 to 54,Daylight,Mid-Block,Stopped,0,0,0,Dry,0,4,0,No Control,0,0,0
15511,Non-Fatal Injury,Yes,,Yes,,2019-07-25T00:00:00,,North York,Failed to Yield Right of Way,,38,18,South,Major,15 to 19,Daylight,Mid-Block,Turning Left,0,0,0,Dry,0,4,0,Passive Control,0,0,0
15512,Non-Fatal Injury,Yes,,Yes,,2019-07-25T00:00:00,,North York,Driving Properly,,38,18,West,Minor,30 to 34,Daylight,Mid-Block,Going Ahead,0,0,0,Dry,0,4,0,Passive Control,0,0,0
15513,Non-Fatal Injury,Yes,,Yes,,2019-07-25T00:00:00,,Scarborough,Failed to Yield Right of Way,,131,22,West,None,50 to 54,"Dark, artificial",Mid-Block,Turning Left,0,0,0,Dry,0,4,0,No Control,0,0,0
15514,Non-Fatal Injury,Yes,,Yes,,2019-07-25T00:00:00,,Scarborough,Driving Properly,,131,22,East,Major,50 to 54,"Dark, artificial",Mid-Block,Going Ahead,0,0,0,Dry,0,4,0,No Control,0,0,0
15516,Non-Fatal Injury,,,Yes,Yes,2019-07-26T00:00:00,,Etobicoke York,Driving Properly,,14,14,East,None,35 to 39,Daylight,Intersection,Going Ahead,0,0,0,Dry,0,4,0,No Control,0,0,0
15518,Non-Fatal Injury,Yes,,Yes,,2019-07-26T00:00:00,,,Speed too Fast For Condition,,126,16,East,None,Unknown,Daylight,Mid-Block,Going Ahead,0,0,0,Dry,0,4,1,No Control,0,0,0
15519,Non-Fatal Injury,Yes,,Yes,,2019-07-26T00:00:00,,,Driving Properly,,126,16,East,Major,60 to 64,Daylight,Mid-Block,Stopped,0,0,0,Dry,0,4,1,No Control,0,0,0
15522,Non-Fatal Injury,Yes,Yes,Yes,,2019-07-26T00:00:00,,Scarborough,Improper Turn,,119,23,South,None,25 to 29,"Dark, artificial",Intersection,Turning Left,0,0,0,Dry,0,4,0,Passive Control,0,0,0
15523,Non-Fatal Injury,Yes,Yes,Yes,,2019-07-26T00:00:00,,Scarborough,Driving Properly,,119,23,North,Major,30 to 34,"Dark, artificial",Intersection,Going Ahead,0,0,0,Dry,0,4,0,Passive Control,0,0,0
15528,Non-Fatal Injury,Yes,,Yes,,2019-07-28T00:00:00,,Scarborough,Lost control,,138,1,North,Minor,25 to 29,"Dark, artificial",Mid-Block,Going Ahead,0,0,0,Dry,0,3,1,No Control,0,0,0
15530,Fatal,Yes,,Yes,,2019-07-28T00:00:00,,Etobicoke York,Failed to Yield Right of Way,,21,10,South,None,25 to 29,Daylight,Intersection,Turning Left,0,0,0,Dry,0,4,0,Passive Control,0,0,0
15533,Non-Fatal Injury,Yes,,Yes,,2019-07-28T00:00:00,,Toronto and East York,Failed to Yield Right of Way,,54,15,South,Minimal,85 to 89,Daylight,Intersection,Going Ahead,0,0,0,Dry,0,4,0,Passive Control,0,0,0
15534,Non-Fatal Injury,Yes,,Yes,,2019-07-28T00:00:00,,Toronto and East York,Driving Properly,,54,15,East,Major,55 to 59,Daylight,Intersection,Going Ahead,0,0,0,Dry,0,4,0,Passive Control,0,0,0
15536,Non-Fatal Injury,,,Yes,Yes,2019-07-29T00:00:00,,Toronto and East York,Driving Properly,,70,19,South,None,35 to 39,Daylight,Intersection,Going Ahead,0,0,0,Dry,0,5,0,Passive Control,0,0,0
15538,Non-Fatal Injury,Yes,Yes,Yes,,2019-07-30T00:00:00,,Toronto and East York,Failed to Yield Right of Way,,76,0,East,None,30 to 34,"Dark, artificial",Intersection,Going Ahead,0,0,0,Wet,0,5,0,No Control,0,0,5
15540,Non-Fatal Injury,,,Yes,,2019-07-30T00:00:00,,Etobicoke York,Driving Properly,,112,21,West,None,45 to 49,"Dark, artificial",Intersection,Turning Right,0,0,0,Dry,0,4,0,Passive Control,0,0,0
15544,Non-Fatal Injury,Yes,,Yes,,2019-07-31T00:00:00,,Etobicoke York,Speed too Fast For Condition,,20,14,West,None,50 to 54,Daylight,Mid-Block,Slowing or Stopping,0,0,0,Dry,0,1,1,No Control,0,1,0
15545,Non-Fatal Injury,Yes,,Yes,,2019-07-31T00:00:00,,Etobicoke York,Driving Properly,,20,14,West,Major,55 to 59,Daylight,Mid-Block,Slowing or Stopping,0,0,0,Dry,0,1,1,No Control,0,1,0
15546,Non-Fatal Injury,Yes,,Yes,,2019-07-31T00:00:00,,Etobicoke York,Driving Properly,,20,14,West,Major,55 to 59,Daylight,Mid-Block,Stopped,0,0,0,Dry,0,1,1,No Control,0,1,0
15547,Non-Fatal Injury,Yes,,Yes,,2019-07-31T00:00:00,,Etobicoke York,Driving Properly,,20,14,West,Minimal,55 to 59,Daylight,Mid-Block,Stopped,0,0,0,Dry,0,1,1,No Control,0,1,0
15548,Non-Fatal Injury,Yes,,Yes,Yes,2019-07-31T00:00:00,,Toronto and East York,Improper Passing,,81,17,South,None,30 to 34,Daylight,Intersection,Overtaking,0,0,0,Dry,0,0,0,No Control,0,0,0
15550,Non-Fatal Injury,,,,,2019-07-31T00:00:00,,Toronto and East York,Driving Properly,,84,21,West,None,30 to 34,"Dark, artificial",Mid-Block,Going Ahead,0,0,0,Dry,0,4,0,No Control,1,0,0
15554,Fatal,Yes,,Yes,,2019-08-02T00:00:00,,Etobicoke York,Failed to Yield Right of Way,,3,22,North,None,65 to 69,Dark,Intersection,Turning Left,0,0,0,Dry,0,4,0,Passive Control,0,0,0
15555,Fatal,Yes,,Yes,,2019-08-02T00:00:00,,Etobicoke York,Driving Properly,,3,22,South,Fatal,25 to 29,Dark,Intersection,Going Ahead,0,0,0,Dry,0,4,0,Passive Control,0,0,0
15556,Fatal,,,Yes,,2019-08-03T00:00:00,,Scarborough,Lost control,,119,9,North,Fatal,55 to 59,Daylight,Intersection,Going Ahead,0,0,0,Dry,0,4,0,No Control,0,0,0
15557,Non-Fatal Injury,,,,,2019-08-03T00:00:00,,Etobicoke York,Lost control,,30,14,East,Major,25 to 29,Daylight,Intersection,Going Ahead,0,0,0,Dry,0,4,0,Passive Control,0,0,0
15558,Non-Fatal Injury,,,Yes,,2018-11-01T00:00:00,,North York,Driving Properly,,26,22,West,Major,30 to 34,"Daylight, artificial",Intersection,Going Ahead,0,0,0,Wet,0,4,0,Passive Control,0,0,5
15562,Non-Fatal Injury,,,Yes,,2018-11-01T00:00:00,,North York,Improper Turn,,26,22,West,None,50 to 54,"Daylight, artificial",Intersection,Making U Turn,0,0,0,Wet,0,4,0,Passive Control,0,0,5
15563,Fatal,,,Yes,,2019-09-06T00:00:00,,Scarborough,Driving Properly,,116,6,South,None,25 to 29,Daylight,Mid-Block,Going Ahead,0,0,0,Dry,0,4,0,No Control,0,0,0
15565,Non-Fatal Injury,,,Yes,,2018-09-30T00:00:00,,Toronto and East York,Driving Properly,,77,3,South,None,75 to 79,"Dark, artificial",Intersection,Going Ahead,0,0,0,Dry,0,4,0,Passive Control,0,0,0
15566,Non-Fatal Injury,,,Yes,,2018-11-01T00:00:00,,Etobicoke York,Driving Properly,,1,22,West,None,50 to 54,Dark,Intersection,Turning Left,0,0,0,Wet,0,4,0,Passive Control,0,0,5